id,first_name,last_name,email,ssn,mobile,state_abbrev,state_name,country
1,Pate,Berisford,pberisford0@vimeo.com,160-66-7934,723-510-6026,,,Syria
2,Allison,Lukianov,alukianov1@ucoz.com,325-88-7982,395-404-8779,,,China
3,Ray,Roja,rroja2@hc360.com,298-77-9244,352-682-2092,,,Colombia
4,Elton,Saintsbury,esaintsbury3@slideshare.net,446-04-6705,969-547-8520,,,Tunisia
5,Bert,Leckey,bleckey4@walmart.com,732-41-1565,162-557-3864,,,Guatemala
6,Carmine,Eicke,ceicke5@mtv.com,300-11-5949,261-559-8774,,,China
7,Quinlan,Hockell,qhockell6@wordpress.com,511-85-3639,292-467-9307,B1,Limousin,France
8,Roana,Welford,rwelford7@nymag.com,141-80-3430,441-952-6429,,,Botswana
9,Larine,Ferraraccio,lferraraccio8@vinaora.com,258-15-3833,286-426-0794,,,China
10,Roxanna,Claussen,rclaussen9@edublogs.org,854-91-0733,232-449-0621,,,China
11,Zia,Newton,znewtona@jimdo.com,209-64-8481,315-582-9200,,,China
12,Lian,Pinckney,lpinckneyb@ow.ly,829-75-5029,762-755-5665,,,Philippines
13,Robb,Blaasch,rblaaschc@github.com,514-40-0369,194-536-9762,,,Thailand
14,Melonie,Ducker,mduckerd@columbia.edu,314-74-1139,190-461-3629,,,South Africa
15,Wright,Laffoley-Lane,wlaffoleylanee@cnn.com,792-29-8560,370-107-7741,,,China
16,Glyn,Targett,gtargettf@ycombinator.com,112-12-0388,411-395-9921,,,Philippines
17,Cornall,Kersey,ckerseyg@mashable.com,667-54-8721,520-743-6065,PHG,Pahang,Malaysia
18,Ly,MacRorie,lmacrorieh@businesswire.com,700-29-5468,462-199-1937,,,New Zealand
19,Luciano,Saph,lsaphi@blinklist.com,837-26-3248,282-291-7295,,,China
20,Jerrine,Cornes,jcornesj@arizona.edu,620-68-7180,681-330-8508,,,Panama
21,Elvira,Kares,ekaresk@yellowbook.com,564-01-9327,669-724-3148,,,Indonesia
22,Caryl,Louisot,clouisotl@timesonline.co.uk,591-62-5271,148-167-9321,,,Nigeria
23,Dawna,Passler,dpasslerm@springer.com,418-12-8580,483-918-6818,,,China
24,Ilario,Nodin,inodinn@harvard.edu,438-61-6597,970-560-0015,,,Russia
25,Marilin,Daffern,mdafferno@miibeian.gov.cn,140-86-1744,562-754-4635,,,Thailand
26,Hilda,Stoven,hstovenp@php.net,795-78-0289,781-632-9908,AB,Alberta,Canada
27,Candide,Perkinson,cperkinsonq@wordpress.org,430-31-0508,360-254-8926,,,Madagascar
28,Lenna,Rickesies,lrickesiesr@economist.com,889-15-8082,204-401-9399,,,Czech Republic
29,Sascha,Quene,squenes@sogou.com,588-57-4018,971-774-2960,,,Indonesia
30,Rochette,Janzen,rjanzent@google.com.br,108-71-7814,875-878-9337,,,Thailand
31,Susanna,Mahady,smahadyu@biglobe.ne.jp,741-61-9051,161-270-4075,,,Brazil
32,Willey,Critoph,wcritophv@zdnet.com,619-74-5636,364-296-6209,,,Serbia
33,Bob,Silson,bsilsonw@utexas.edu,754-95-9861,542-857-7400,,,Russia
34,Edith,Loddon,eloddonx@livejournal.com,542-14-5351,424-506-1929,A2,Bretagne,France
35,Goldy,Wilman,gwilmany@google.cn,686-07-2116,346-394-6021,,,Poland
36,Rodolph,Schankel,rschankelz@chicagotribune.com,269-23-2456,415-430-5748,,,Pakistan
37,Elianora,Shelliday,eshelliday10@is.gd,886-62-8992,782-237-2556,,,Ivory Coast
38,Giulia,Geill,ggeill11@wp.com,683-75-3832,989-872-2873,,,Indonesia
39,Cecilia,Petruska,cpetruska12@cisco.com,645-58-4404,215-748-4954,,,China
40,Emlynne,Smogur,esmogur13@ted.com,771-10-8917,757-186-1478,VA,Virginia,United States
41,Lina,Terrans,lterrans14@rediff.com,168-84-4661,633-968-4573,BE,Berlin,Germany
42,Sella,Chardin,schardin15@cbc.ca,378-76-2076,852-605-5748,SK,Saskatchewan,Canada
43,Chastity,Paulisch,cpaulisch16@dailymail.co.uk,857-27-8604,585-987-8294,BU,Budapest,Hungary
44,Douglass,Pollok,dpollok17@wikispaces.com,700-85-8400,384-107-5262,03,Oslo,Norway
45,Frasier,Cridlan,fcridlan18@yale.edu,252-87-9576,714-585-1033,,,China
46,Brianne,Winskill,bwinskill19@ow.ly,171-59-1389,406-509-1408,,,Myanmar
47,Bree,Loble,bloble1a@patch.com,227-08-5424,143-107-3148,,,Brazil
48,Frans,Trevorrow,ftrevorrow1b@apple.com,589-38-5972,753-829-9745,,,Peru
49,Gaelan,Cockman,gcockman1c@freewebs.com,754-18-9242,702-175-7644,,,Japan
50,Allis,Toby,atoby1d@discuz.net,326-41-7691,951-345-0117,,,Japan
51,Manon,Hullyer,mhullyer1e@naver.com,344-59-1049,534-432-0898,,,China
52,Tate,Cantos,tcantos1f@phpbb.com,602-04-7411,978-729-8475,,,Ireland
53,Erv,Redshaw,eredshaw1g@cmu.edu,303-11-3139,193-905-7020,,,China
54,Piper,Searle,psearle1h@ucoz.com,532-21-6579,818-241-7201,,,Afghanistan
55,Odell,Yarnall,oyarnall1i@admin.ch,321-74-5153,171-395-6998,,,China
56,Janaye,Messer,jmesser1j@webs.com,266-49-9358,760-252-7549,,,China
57,Frasquito,Sails,fsails1k@topsy.com,539-54-0822,603-819-4880,,,Brazil
58,Dyane,Baseley,dbaseley1l@webs.com,130-92-0746,258-563-2586,,,Nigeria
59,Minerva,Indgs,mindgs1m@yahoo.com,433-19-1660,195-339-1988,,,China
60,Eziechiele,Brignell,ebrignell1n@foxnews.com,185-40-9208,367-243-1449,,,South Korea
61,Morgen,Denecamp,mdenecamp1o@t.co,602-84-6416,704-720-4720,,,Nigeria
62,Callean,Grennan,cgrennan1p@123-reg.co.uk,238-68-3995,439-526-6336,,,Indonesia
63,Lauralee,Duferie,lduferie1q@about.com,315-61-8712,447-473-7347,,,Nauru
64,Linda,Ingon,lingon1r@ning.com,462-33-6876,429-647-7949,11,Lisboa,Portugal
65,Culley,Jolliff,cjolliff1s@princeton.edu,747-27-3579,576-473-0433,,,Poland
66,Ralph,Churching,rchurching1t@myspace.com,862-43-1777,201-775-6521,,,Philippines
67,Luz,Bugbee,lbugbee1u@addtoany.com,884-62-5344,546-250-5994,,,China
68,Kean,Pasquale,kpasquale1v@examiner.com,876-24-8594,743-459-3819,18,Viseu,Portugal
69,Bram,Sieghard,bsieghard1w@gizmodo.com,702-56-9350,618-178-2049,,,Indonesia
70,Carena,Delia,cdelia1x@tripod.com,876-11-7216,846-547-0076,,,Russia
71,Melanie,Muddle,mmuddle1y@uiuc.edu,622-97-8601,557-460-1294,,,Dominican Republic
72,Idalia,Leeds,ileeds1z@google.es,340-30-5119,591-554-7904,,,Russia
73,Sara-ann,Happert,shappert20@histats.com,604-26-7896,299-178-5362,05,Castelo Branco,Portugal
74,Etti,Ransfield,eransfield21@weebly.com,635-60-6785,734-622-3984,,,Brazil
75,Tommie,Elvy,telvy22@mysql.com,742-38-7316,635-924-7744,,,Saudi Arabia
76,Fernandina,Manzell,fmanzell23@zimbio.com,794-07-8035,971-417-8190,,,China
77,Simeon,Faint,sfaint24@senate.gov,724-53-6505,162-218-8888,MIC,Michoacan De Ocampo,Mexico
78,Ferdinande,Ockwell,fockwell25@alexa.com,427-27-1065,588-508-1168,,,China
79,Thacher,O'Carran,tocarran26@ustream.tv,894-86-4022,976-260-5125,,,Vietnam
80,Vonny,Pacey,vpacey27@liveinternet.ru,411-24-5383,984-211-5355,,,Zambia
81,Merilee,Foyle,mfoyle28@businessinsider.com,195-85-4811,305-291-0348,,,Peru
82,Hillary,Chiverton,hchiverton29@umich.edu,135-87-1104,829-111-2551,,,China
83,Ely,Ubsdell,eubsdell2a@salon.com,435-54-4384,437-355-3893,,,Poland
84,Leoine,Simonnin,lsimonnin2b@meetup.com,896-25-4251,460-511-6900,,,Yemen
85,Bernice,Gaddes,bgaddes2c@cbslocal.com,343-42-0592,526-599-9085,,,Russia
86,Duky,Walker,dwalker2d@list-manage.com,256-48-6274,363-560-2038,,,Indonesia
87,Tamar,Yeowell,tyeowell2e@wp.com,560-64-4253,369-774-4826,,,China
88,Sid,Crocetto,scrocetto2f@wordpress.org,890-76-7406,341-789-4629,,,Japan
89,Lari,Stangoe,lstangoe2g@freewebs.com,585-69-1100,274-892-3713,,,Monaco
90,Butch,Etchingham,betchingham2h@bloomberg.com,467-12-9151,838-146-0769,,,Poland
91,Rosene,Di Bartolommeo,rdibartolommeo2i@nps.gov,730-61-6480,699-571-3786,,,Russia
92,Jeff,Servis,jservis2j@vkontakte.ru,723-29-7483,558-130-6390,,,China
93,Nina,Baskeyfield,nbaskeyfield2k@mozilla.com,669-27-9206,123-462-5992,,,Peru
94,Kristina,Rylance,krylance2l@creativecommons.org,807-92-9845,893-868-0603,,,China
95,Lula,Hume,lhume2m@apache.org,676-69-0433,230-942-9875,,,China
96,Trudi,Schaffler,tschaffler2n@walmart.com,101-41-9219,189-523-5683,,,China
97,Constantino,Kirkman,ckirkman2o@360.cn,382-07-2242,883-488-9828,,,Nicaragua
98,Leone,Karlqvist,lkarlqvist2p@redcross.org,899-88-1479,478-154-9646,,,French Southern Territories
99,Paul,Keming,pkeming2q@webmd.com,748-93-1711,647-489-0506,13,Porto,Portugal
100,Coretta,Jendrusch,cjendrusch2r@utexas.edu,181-90-5311,732-918-6034,,,Bolivia
101,Tad,Skerman,tskerman2s@youtube.com,599-74-2983,932-444-9756,,,Libya
102,Audry,McLaren,amclaren2t@nature.com,239-01-4801,840-747-9892,,,China
103,Kriste,Strange,kstrange2u@ftc.gov,150-61-4674,993-580-3467,O,Vastra Gotaland,Sweden
104,Clemmie,Lawles,clawles2v@deviantart.com,195-32-4828,667-146-9818,,,China
105,Thacher,Sowten,tsowten2w@networksolutions.com,478-68-7375,856-990-9988,,,Burkina Faso
106,Peria,Thebes,pthebes2x@angelfire.com,496-57-1064,782-139-3098,,,Bahamas
107,Arabella,Warburton,awarburton2y@sfgate.com,767-45-3665,385-560-7349,,,Brazil
108,Devlin,Dukesbury,ddukesbury2z@ustream.tv,445-08-9571,122-721-0339,,,China
109,Jeannine,Veldman,jveldman30@eventbrite.com,232-21-7361,926-119-3763,MIC,Michoacan De Ocampo,Mexico
110,Russ,Kurth,rkurth31@kickstarter.com,423-35-3163,265-811-5227,01,Aveiro,Portugal
111,Thom,Ilott,tilott32@xing.com,372-74-2330,826-481-9235,S,Varmland,Sweden
112,Sheila,Asquith,sasquith33@noaa.gov,806-16-1267,384-677-2565,,,Indonesia
113,Hermine,Scading,hscading34@google.ru,675-64-4550,553-145-3586,,,Tanzania
114,Catie,Leaburn,cleaburn35@canalblog.com,501-31-0537,735-415-1229,,,Indonesia
115,Jonis,Todhunter,jtodhunter36@mayoclinic.com,210-74-5448,648-973-0861,,,Russia
116,Chiquita,Gobell,cgobell37@imgur.com,898-89-2601,612-999-3130,VER,Veracruz Llave,Mexico
117,Brion,Huck,bhuck38@aol.com,808-25-8415,507-642-6841,,,Indonesia
118,Larissa,Blinde,lblinde39@barnesandnoble.com,640-80-5583,579-167-7188,,,Poland
119,Lib,Blowfelde,lblowfelde3a@google.co.jp,528-84-3911,561-935-1982,45,Manisa,Turkey
120,Dexter,Christophersen,dchristophersen3b@bloglovin.com,199-37-9447,246-926-5123,03,Oslo,Norway
121,Elvira,Hollindale,ehollindale3c@privacy.gov.au,735-22-3769,136-512-5988,,,Brazil
122,Elisabetta,Rickets,erickets3d@thetimes.co.uk,817-01-2344,151-308-7227,,,Peru
123,Kirsten,Brotherhood,kbrotherhood3e@chronoengine.com,700-35-1374,134-138-6215,,,Bangladesh
124,Alethea,Wannop,awannop3f@comsenz.com,386-58-0667,256-435-5524,,,Indonesia
125,Iggy,Eccleshare,ieccleshare3g@admin.ch,415-77-5944,223-687-3161,,,Vietnam
126,Devonna,Petrak,dpetrak3h@nifty.com,769-84-9347,235-752-2458,,,China
127,Harriett,Mapson,hmapson3i@dedecms.com,297-54-1136,424-474-3665,,,Indonesia
128,Tania,Pepin,tpepin3j@microsoft.com,494-83-8237,912-785-2610,CL,Castilla - Leon,Spain
129,Phedra,Rappaport,prappaport3k@icio.us,746-71-3024,304-715-0515,,,Morocco
130,Lesli,Cowup,lcowup3l@pbs.org,786-39-4354,995-607-4321,,,Philippines
131,Olag,McCrann,omccrann3m@sogou.com,845-66-3582,718-657-4059,B9,Rhone-Alpes,France
132,Diane,Rowbury,drowbury3n@berkeley.edu,833-53-3010,386-649-2247,,,China
133,Fax,Bernardinelli,fbernardinelli3o@adobe.com,274-68-9579,621-115-0678,,,Iran
134,Maxie,Durber,mdurber3p@reddit.com,370-57-8567,666-586-0741,,,China
135,Yuma,Labro,ylabro3q@hatena.ne.jp,329-09-3348,872-297-4690,,,Azerbaijan
136,Millicent,Larimer,mlarimer3r@nbcnews.com,271-94-5370,316-962-6866,,,Philippines
137,Tami,Boncoeur,tboncoeur3s@amazon.co.jp,832-11-7976,931-676-0487,,,Indonesia
138,Jayme,Lomansey,jlomansey3t@nih.gov,422-98-4928,563-329-5671,A8,Ile-de-France,France
139,Rhianon,Redington,rredington3u@1688.com,167-43-1007,294-472-5746,,,Iran
140,Aline,Lind,alind3v@github.io,893-99-1364,152-465-8484,,,China
141,Carce,Komorowski,ckomorowski3w@networksolutions.com,342-85-6008,285-643-0798,06,Coimbra,Portugal
142,Kipper,Casarini,kcasarini3x@hubpages.com,504-78-3474,301-260-5433,,,Ukraine
143,Amabelle,MacUchadair,amacuchadair3y@wp.com,495-25-6258,941-865-9724,,,Poland
144,Monty,Bevens,mbevens3z@baidu.com,785-67-0634,522-902-2861,,,Slovenia
145,Mirella,Bernolet,mbernolet40@w3.org,185-47-9643,140-257-3482,,,Philippines
146,Abbe,Jelfs,ajelfs41@phpbb.com,756-68-1949,727-187-3217,,,Greece
147,Nisse,Von Helmholtz,nvonhelmholtz42@t-online.de,723-08-0070,714-778-2521,,,Japan
148,Frans,Lanyon,flanyon43@mlb.com,139-42-3332,995-384-6638,10,Leiria,Portugal
149,Clevie,Earthfield,cearthfield44@xinhuanet.com,235-19-3406,329-385-9682,,,China
150,Norean,Pallister,npallister45@hao123.com,881-67-0425,796-589-7770,,,China
151,Kellia,Jordan,kjordan46@freewebs.com,590-90-5520,166-860-6554,,,China
152,Jewel,Gethin,jgethin47@vistaprint.com,590-27-9049,844-546-1219,,,Philippines
153,Pam,Briggs,pbriggs48@harvard.edu,452-15-7692,268-130-1962,,,Czech Republic
154,Alfy,Russell,arussell49@furl.net,231-24-6851,933-365-6481,,,China
155,Markus,Lankham,mlankham4a@comsenz.com,391-63-6548,905-623-8580,,,Croatia
156,Dennet,Knight,dknight4b@sciencedaily.com,580-84-7018,195-624-4098,,,Burkina Faso
157,Rina,Bastian,rbastian4c@weebly.com,399-85-6766,434-953-0071,A8,Ile-de-France,France
158,Clevey,Buchett,cbuchett4d@opera.com,352-47-8171,143-379-5349,,,Russia
159,Alva,Parkinson,aparkinson4e@tiny.cc,566-93-8930,800-506-8714,,,Kosovo
160,Penelope,Bernard,pbernard4f@github.io,833-45-5525,955-692-3901,,,Brazil
161,Karney,Gilluley,kgilluley4g@yellowbook.com,893-53-2482,789-762-2369,,,Poland
162,Elli,Lomond,elomond4h@economist.com,268-66-2649,782-322-9416,14,Santarem,Portugal
163,Tito,Wedon,twedon4i@skype.com,863-25-4818,181-342-8551,,,Armenia
164,Griff,Emlen,gemlen4j@loc.gov,594-98-4860,323-105-9604,,,Argentina
165,Sisile,Josephi,sjosephi4k@meetup.com,227-50-3706,770-473-0753,,,Botswana
166,Loise,Strand,lstrand4l@slideshare.net,750-92-0056,513-227-4315,,,Brazil
167,Laurence,Alleway,lalleway4m@gravatar.com,638-02-5244,469-328-9866,,,Russia
168,Ado,Williscroft,awilliscroft4n@berkeley.edu,282-46-3208,526-887-5507,,,China
169,Magdaia,Elcombe,melcombe4o@go.com,802-49-1849,404-256-6618,,,Philippines
170,Brit,Whardley,bwhardley4p@opensource.org,691-37-9024,261-734-9687,,,Belarus
171,Emelda,Iuorio,eiuorio4q@cdc.gov,793-15-1821,139-427-4935,,,Croatia
172,Vivian,MacAnellye,vmacanellye4r@ftc.gov,105-86-7783,347-784-3428,,,Poland
173,Hyacinthe,Mattaser,hmattaser4s@soundcloud.com,550-92-5665,691-468-7911,,,China
174,Shep,Leverette,sleverette4t@abc.net.au,878-81-7206,603-876-1064,BC,British Columbia,Canada
175,Axel,Lochead,alochead4u@ezinearticles.com,257-80-5919,939-520-5593,,,China
176,Averill,Mabbutt,amabbutt4v@blogtalkradio.com,785-49-8214,259-820-0701,,,Philippines
177,Linc,Cansfield,lcansfield4w@ning.com,758-45-1678,737-635-4621,,,Russia
178,Abba,McFadden,amcfadden4x@dmoz.org,271-98-5635,410-886-1102,,,Bangladesh
179,Sonny,Castellino,scastellino4y@ebay.com,494-37-0245,165-905-3883,,,Madagascar
180,Harmonie,Jelfs,hjelfs4z@xrea.com,215-49-2058,223-483-2166,,,China
181,Bridget,Bilt,bbilt50@hatena.ne.jp,174-57-3312,437-247-1850,,,Republic of the Congo
182,Carmen,Crawshay,ccrawshay51@weather.com,181-17-0141,524-537-8300,,,Argentina
183,Damaris,Cunniff,dcunniff52@timesonline.co.uk,879-29-6460,136-429-5422,,,Greece
184,Erv,Leverson,eleverson53@clickbank.net,557-48-1545,934-265-6325,,,Philippines
185,Marian,Allbut,mallbut54@timesonline.co.uk,638-80-0112,269-206-1707,,,Cuba
186,Vince,Pavie,vpavie55@buzzfeed.com,793-66-2248,968-269-4513,,,Indonesia
187,Janina,Downing,jdowning56@intel.com,691-41-2929,616-542-7125,,,Pakistan
188,Sanson,Sillis,ssillis57@discovery.com,172-45-4380,884-462-2676,,,China
189,Justus,Guilloneau,jguilloneau58@reverbnation.com,383-18-3267,895-387-6764,,,Philippines
190,Dougy,Cabel,dcabel59@chronoengine.com,186-39-4555,389-298-8999,,,Poland
191,Felipe,Fraczkiewicz,ffraczkiewicz5a@cyberchimps.com,111-69-4727,799-971-9252,TRG,Terengganu,Malaysia
192,Pepito,Derby,pderby5b@livejournal.com,780-08-0680,323-232-8405,,,Syria
193,Quentin,Gillitt,qgillitt5c@sina.com.cn,673-50-2783,985-377-0240,,,China
194,Fredia,Airy,fairy5d@angelfire.com,686-71-1698,717-529-2454,VER,Veracruz Llave,Mexico
195,Myca,Harg,mharg5e@sina.com.cn,246-60-1404,944-867-9975,,,Philippines
196,Nataniel,Balma,nbalma5f@foxnews.com,247-04-4621,304-558-2631,,,Indonesia
197,Sada,Semechik,ssemechik5g@jimdo.com,587-91-4937,535-859-6810,,,Mali
198,Donaugh,Nolder,dnolder5h@cnn.com,315-26-8776,379-522-9042,,,North Korea
199,Matthiew,Perutto,mperutto5i@apache.org,193-05-6883,193-817-8726,11,Lisboa,Portugal
200,Gran,Ambrogelli,gambrogelli5j@skype.com,201-78-8686,707-121-4522,,,Philippines
201,Evaleen,Teggin,eteggin5k@dion.ne.jp,422-49-0285,849-265-1247,,,Ukraine
202,Florencia,Demangeon,fdemangeon5l@ebay.com,507-55-6617,503-936-5239,,,Indonesia
203,Quinta,Choke,qchoke5m@cdc.gov,309-11-2188,496-548-3032,,,Indonesia
204,Deanne,Mapstone,dmapstone5n@desdev.cn,758-07-9900,447-696-8293,AB,Alberta,Canada
205,Margie,Stroulger,mstroulger5o@tiny.cc,748-86-2427,492-596-4891,,,Ukraine
206,Rutter,Hick,rhick5p@imgur.com,551-45-8443,737-329-6834,,,Indonesia
207,Joyann,Riccelli,jriccelli5q@google.es,108-20-9855,422-169-2998,,,China
208,Rozanna,Swetmore,rswetmore5r@wired.com,516-19-4643,461-406-1990,,,China
209,Coop,Vorley,cvorley5s@hostgator.com,526-15-2863,820-507-1561,SBH,Sabah,Malaysia
210,Blanca,Cockton,bcockton5t@nasa.gov,828-28-9451,953-441-9508,,,Philippines
211,Miguela,Sustin,msustin5u@google.com.au,618-72-6611,262-129-2844,,,Philippines
212,Tiphani,Gissop,tgissop5v@blogger.com,602-99-1144,432-716-2659,,,Peru
213,Shana,Ingledew,singledew5w@meetup.com,599-53-9329,571-790-0501,,,Slovenia
214,Shannon,Seleway,sseleway5x@bandcamp.com,672-49-9131,613-342-7570,,,Afghanistan
215,Woodrow,Sparry,wsparry5y@facebook.com,830-69-2368,250-478-8303,,,Brazil
216,Hilliard,Crosson,hcrosson5z@yellowpages.com,448-24-4629,829-602-2327,,,Afghanistan
217,Sollie,Juliano,sjuliano60@odnoklassniki.ru,872-81-7700,822-773-5999,,,Palestinian Territory
218,Nobie,Putland,nputland61@ebay.co.uk,524-11-1836,722-247-1620,,,Finland
219,Celie,Milmo,cmilmo62@w3.org,162-61-6545,415-590-4771,,,Argentina
220,Modesta,Baume,mbaume63@weebly.com,376-20-7837,189-257-9480,,,Philippines
221,Tamqrah,Dockery,tdockery64@msn.com,476-58-6533,998-347-1074,,,Poland
222,Rory,Ewbanche,rewbanche65@seattletimes.com,861-66-9977,774-554-0539,,,Pakistan
223,Con,Ghio,cghio66@1688.com,449-69-6735,833-866-4898,,,Indonesia
224,Adena,Heindrich,aheindrich67@livejournal.com,427-01-0849,324-399-9332,E,Ostergotland,Sweden
225,Andee,Labrow,alabrow68@mozilla.org,380-41-5588,941-280-5370,,,Ukraine
226,Shannan,Glass,sglass69@huffingtonpost.com,423-22-6514,462-961-0566,,,Moldova
227,Rikki,Matyashev,rmatyashev6a@weebly.com,432-61-2572,199-226-6118,,,China
228,Franky,Calltone,fcalltone6b@dropbox.com,389-12-9982,732-869-5197,,,China
229,Claudie,Samarth,csamarth6c@studiopress.com,274-88-3684,163-713-3014,,,Indonesia
230,Ronalda,Sigg,rsigg6d@163.com,423-12-8318,550-549-5353,Y,Vasternorrland,Sweden
231,Adela,Bowshire,abowshire6e@lycos.com,591-57-8613,455-861-5757,,,Vietnam
232,Valeda,Dun,vdun6f@ifeng.com,322-81-5417,214-935-2017,,,Japan
233,Dorey,Gemmill,dgemmill6g@ucla.edu,673-54-8211,165-711-0685,,,Indonesia
234,Gretna,Adenet,gadenet6h@tripadvisor.com,801-33-9923,339-656-4226,,,Argentina
235,Lauryn,Dilgarno,ldilgarno6i@bloglines.com,288-89-1738,957-587-8498,,,China
236,Jaquelyn,Klimczak,jklimczak6j@bravesites.com,583-42-7317,872-697-3528,,,Indonesia
237,Lek,Yurchenko,lyurchenko6k@noaa.gov,323-85-9999,624-928-5440,,,China
238,Alikee,Woodison,awoodison6l@paypal.com,601-96-8252,757-318-7446,,,Zambia
239,Kellina,Sambath,ksambath6m@cdbaby.com,128-65-6947,931-326-1189,,,Brazil
240,Andriana,Lynnett,alynnett6n@pcworld.com,535-16-7927,552-959-0364,,,Thailand
241,Moses,Grannell,mgrannell6o@lycos.com,377-14-0161,743-775-2005,,,Thailand
242,Luelle,Vlasenko,lvlasenko6p@gov.uk,259-06-8585,261-590-5838,,,Nigeria
243,Alexa,Sherr,asherr6q@vimeo.com,615-81-5633,442-115-6005,,,China
244,Shay,Noakes,snoakes6r@reuters.com,391-94-9899,534-789-4692,,,China
245,Murvyn,De Paepe,mdepaepe6s@moonfruit.com,579-86-7102,880-673-0357,,,Georgia
246,Pasquale,Channon,pchannon6t@list-manage.com,566-65-2843,949-108-6203,,,China
247,Vivyanne,Spiteri,vspiteri6u@rediff.com,231-89-8768,993-837-3760,,,Indonesia
248,Walden,Capell,wcapell6v@cbc.ca,396-02-7733,572-825-5237,M,Skane,Sweden
249,Evie,Spradbery,espradbery6w@miitbeian.gov.cn,247-69-9194,317-936-0238,,,Honduras
250,Merill,Haseley,mhaseley6x@4shared.com,798-41-1514,882-560-2119,,,Slovenia
251,Myron,O'Bradane,mobradane6y@symantec.com,269-51-6776,229-150-2610,,,Peru
252,Lionel,Goddard,lgoddard6z@jimdo.com,353-66-3824,600-667-4074,,,Peru
253,Shay,Eefting,seefting70@buzzfeed.com,369-45-7768,311-124-4984,15,Setubal,Portugal
254,Scarlet,Pagden,spagden71@instagram.com,569-86-3854,870-362-4539,,,China
255,Lyssa,Don,ldon72@trellian.com,423-89-4988,754-172-6275,FL,Florida,United States
256,Horatius,Lanchbury,hlanchbury73@trellian.com,803-16-0205,683-730-5141,,,Indonesia
257,Lorry,Shobbrook,lshobbrook74@cocolog-nifty.com,770-71-8080,860-522-4683,,,Maldives
258,Brigit,Marquess,bmarquess75@bloglines.com,398-36-4414,361-955-4529,,,Indonesia
259,Samantha,Eslemont,seslemont76@comcast.net,159-58-6018,778-928-9623,02,Provincie Friesland,Netherlands
260,Jakob,Bertolin,jbertolin77@seattletimes.com,307-78-7283,241-656-1253,,,Bulgaria
261,Kelwin,Sharpley,ksharpley78@moonfruit.com,252-92-6705,735-782-4767,15,Setubal,Portugal
262,Ezechiel,Holt,eholt79@home.pl,393-52-6092,684-284-1730,,,Brazil
263,Karena,Hirth,khirth7a@barnesandnoble.com,894-24-9352,763-350-2562,,,Chile
264,Gibby,Alabone,galabone7b@simplemachines.org,721-06-6231,926-967-3133,,,Indonesia
265,Jorrie,Newbold,jnewbold7c@bravesites.com,714-48-0358,366-923-5235,06,Coimbra,Portugal
266,Alain,Larway,alarway7d@360.cn,446-23-8406,740-668-1125,,,Russia
267,Melany,Shand,mshand7e@apple.com,325-62-7508,356-800-9213,,,China
268,Sydney,Larwell,slarwell7f@buzzfeed.com,613-39-9813,269-717-8326,,,Honduras
269,Luis,Messham,lmessham7g@whitehouse.gov,831-92-0961,308-886-5465,,,Philippines
270,Naoma,Soonhouse,nsoonhouse7h@storify.com,534-53-7963,101-716-1608,,,Czech Republic
271,Prudence,Crebott,pcrebott7i@gmpg.org,131-09-9814,511-903-6963,,,Colombia
272,Claus,Fulger,cfulger7j@youku.com,676-50-4559,711-381-7812,13,Porto,Portugal
273,Jerrilyn,Jeffs,jjeffs7k@discovery.com,277-31-6385,207-245-8348,,,Thailand
274,Alysa,Beacon,abeacon7l@addtoany.com,596-96-9160,897-994-8090,O,Vastra Gotaland,Sweden
275,Alexandr,Wanstall,awanstall7m@flavors.me,744-98-1045,170-194-5365,,,Ukraine
276,Jessy,Kitchenman,jkitchenman7n@odnoklassniki.ru,130-91-6008,565-425-6905,,,Guatemala
277,Leah,Wreak,lwreak7o@creativecommons.org,262-30-3736,906-626-2602,,,Chad
278,Madelene,Toppas,mtoppas7p@symantec.com,514-34-5017,290-920-6332,,,China
279,Alric,Bolus,abolus7q@360.cn,252-32-3418,469-462-6925,,,Poland
280,Jocelyne,Clothier,jclothier7r@imdb.com,111-63-7023,846-352-0850,,,Jordan
281,Ulick,Morcombe,umorcombe7s@infoseek.co.jp,317-89-1111,623-880-2796,,,Indonesia
282,Conni,De Courtney,cdecourtney7t@fotki.com,312-23-8057,186-426-4199,AB,Stockholm,Sweden
283,Juli,Bradbeer,jbradbeer7u@ibm.com,625-90-1263,122-287-2431,,,Colombia
284,Orville,Kretschmer,okretschmer7v@msu.edu,568-59-4857,656-569-1194,,,China
285,Pammi,Glavin,pglavin7w@symantec.com,880-64-7508,173-457-4526,,,Dominican Republic
286,Elsi,Janko,ejanko7x@wordpress.org,282-47-0136,655-600-0414,,,South Korea
287,Reine,MacMenamin,rmacmenamin7y@moonfruit.com,786-27-9992,639-143-7744,,,China
288,Wenonah,Goulborn,wgoulborn7z@columbia.edu,712-32-5112,834-767-2096,,,Argentina
289,Ingeberg,Alcott,ialcott80@dion.ne.jp,190-79-4708,129-727-7864,,,Brazil
290,Sam,Kemsley,skemsley81@macromedia.com,268-44-9155,934-364-6714,,,Indonesia
291,Hurleigh,Malling,hmalling82@statcounter.com,327-73-6988,184-431-1622,,,Serbia
292,Jamal,Ratke,jratke83@jigsy.com,140-46-1107,519-250-3347,,,China
293,Garrard,Stienton,gstienton84@ask.com,546-04-2164,920-507-3780,,,Uganda
294,Orland,Camili,ocamili85@bloomberg.com,303-72-3729,833-929-4915,,,Israel
295,Deonne,Khoter,dkhoter86@cyberchimps.com,790-60-9077,636-174-8276,,,Greece
296,Ainsley,Nourse,anourse87@fastcompany.com,450-49-3643,197-107-5408,ON,Ontario,Canada
297,Mehetabel,Tuttle,mtuttle88@bluehost.com,229-26-2120,845-444-5565,,,Mauritania
298,Charlotte,Lansly,clansly89@technorati.com,535-87-4791,563-140-3083,,,Czech Republic
299,Karil,Guiet,kguiet8a@geocities.jp,679-79-1217,726-476-0826,10,Leiria,Portugal
300,Cammy,Trorey,ctrorey8b@creativecommons.org,560-43-2102,731-687-0919,T,Orebro,Sweden
301,Lamont,Sewell,lsewell8c@skyrock.com,232-49-5581,799-313-1829,,,Thailand
302,Violetta,Diperaus,vdiperaus8d@sohu.com,773-91-7067,800-196-8890,,,Finland
303,Weber,Tregaskis,wtregaskis8e@skype.com,370-82-8768,368-953-1879,A8,Ile-de-France,France
304,Corrina,Badcock,cbadcock8f@com.com,704-85-4624,466-878-6145,13,Porto,Portugal
305,Brenden,Jarrelt,bjarrelt8g@aol.com,172-75-2970,711-379-7133,FV,Friuli-Venezia Giulia,Italy
306,Gene,Axcell,gaxcell8h@irs.gov,292-76-1065,502-193-8451,,,Tanzania
307,Jessalin,Daugherty,jdaugherty8i@adobe.com,706-80-9978,591-109-7999,,,Serbia
308,Shurlocke,Retallack,sretallack8j@google.co.uk,130-16-6469,858-329-5886,,,China
309,Cori,Astle,castle8k@desdev.cn,579-69-4298,520-504-4160,,,Bolivia
310,Louisette,Brauner,lbrauner8l@elpais.com,807-83-5265,762-783-3762,,,Syria
311,Redd,Neesam,rneesam8m@slashdot.org,859-17-8407,409-366-4031,,,Ethiopia
312,Hakeem,Glasscoe,hglasscoe8n@dailymail.co.uk,501-47-9653,952-743-6486,,,Belarus
313,Dirk,Leyland,dleyland8o@sfgate.com,512-67-7530,990-629-2264,,,Kazakhstan
314,Lesya,Creboe,lcreboe8p@springer.com,873-39-5366,139-920-5179,,,Mongolia
315,Nathalie,Teather,nteather8q@mac.com,764-05-9651,912-521-1659,,,Venezuela
316,Janith,Smythin,jsmythin8r@usa.gov,456-56-8522,375-517-3897,,,Indonesia
317,Anne,Beaument,abeaument8s@wired.com,133-67-8047,651-995-2860,,,China
318,Ram,Chestle,rchestle8t@moonfruit.com,228-20-2901,720-142-3186,,,Indonesia
319,Clair,Tubb,ctubb8u@cdbaby.com,298-49-5700,858-814-3586,S,Varmland,Sweden
320,Luci,Cartledge,lcartledge8v@tiny.cc,763-70-8742,283-746-7038,,,Armenia
321,Charla,Blunt,cblunt8w@webmd.com,680-56-4563,285-282-6485,A8,Ile-de-France,France
322,Sukey,Wisedale,swisedale8x@creativecommons.org,677-63-8071,650-213-3549,,,China
323,Fair,Fathers,ffathers8y@xinhuanet.com,706-70-1615,240-136-3297,,,Russia
324,Joletta,Goodreid,jgoodreid8z@msn.com,721-17-9374,477-373-6042,,,China
325,Tammi,Yakobowitch,tyakobowitch90@cloudflare.com,193-62-0644,825-451-5021,,,China
326,Putnam,Tarbett,ptarbett91@discovery.com,627-61-8008,391-635-0550,,,Indonesia
327,Dosi,Caulcott,dcaulcott92@dropbox.com,216-08-8539,891-314-2089,,,Panama
328,Colan,Glasspool,cglasspool93@domainmarket.com,372-22-9685,472-694-9567,,,Philippines
329,Allene,Alves,aalves94@slate.com,251-69-7394,579-948-5211,,,Philippines
330,Teriann,Gloves,tgloves95@phoca.cz,421-31-5535,809-990-6545,A8,Ile-de-France,France
331,Berri,Damato,bdamato96@berkeley.edu,605-95-0981,289-154-4831,,,China
332,Scott,Carnelley,scarnelley97@nyu.edu,681-20-7992,781-126-7465,,,China
333,Jamal,Ducket,jducket98@wordpress.com,419-21-7058,664-675-9519,,,China
334,Tobye,MacCaffrey,tmaccaffrey99@mapquest.com,578-50-0225,899-424-3436,,,Russia
335,Johnathan,Stogill,jstogill9a@github.com,445-07-5301,401-119-1238,,,Philippines
336,Kalie,Pigram,kpigram9b@clickbank.net,225-70-8176,811-607-9430,,,Thailand
337,Antonina,Vyvyan,avyvyan9c@columbia.edu,613-79-2488,410-914-2458,11,Provincie Zuid-Holland,Netherlands
338,Roma,Garham,rgarham9d@amazon.com,425-61-4890,745-150-7303,,,Panama
339,Filmer,Ruffler,fruffler9e@theguardian.com,600-20-4624,861-605-5418,B5,Pays de la Loire,France
340,Hermy,Dulen,hdulen9f@artisteer.com,654-41-5799,929-454-5103,,,Niger
341,Datha,Joseff,djoseff9g@epa.gov,250-99-3615,786-705-6975,,,China
342,Cchaddie,Sweetmore,csweetmore9h@t.co,645-51-4102,699-173-6666,,,China
343,Duke,Bidmead,dbidmead9i@netvibes.com,779-52-8247,947-910-2116,,,China
344,Torrence,Aizikowitz,taizikowitz9j@businessinsider.com,512-33-7910,969-761-6712,,,Democratic Republic of the Congo
345,Della,Kirrens,dkirrens9k@deliciousdays.com,494-77-6966,348-375-1910,,,Nigeria
346,Loutitia,Troak,ltroak9l@umn.edu,466-37-6040,747-306-8934,,,Indonesia
347,Jock,Tuddenham,jtuddenham9m@unicef.org,874-23-8175,949-868-3872,,,China
348,Randal,Mellonby,rmellonby9n@yellowbook.com,165-81-5503,608-793-8371,,,Indonesia
349,Vivien,Ivanichev,vivanichev9o@facebook.com,399-96-4188,702-921-5379,,,China
350,Teador,Brame,tbrame9p@home.pl,815-02-8715,390-600-5169,,,Poland
351,Adriana,Dilrew,adilrew9q@chronoengine.com,834-89-4538,315-320-4761,1084,Region Hovedstaden,Denmark
352,Alic,Mayne,amayne9r@abc.net.au,470-25-4732,913-706-0038,KS,Kansas,United States
353,Noby,Van Salzberger,nvansalzberger9s@telegraph.co.uk,789-25-6218,118-491-6818,,,Dominica
354,Dorie,Berkowitz,dberkowitz9t@cocolog-nifty.com,439-53-1140,844-744-0496,,,Russia
355,Yevette,Hallyburton,yhallyburton9u@baidu.com,609-73-7429,205-695-5036,,,Philippines
356,Lari,Winyard,lwinyard9v@uol.com.br,363-29-8025,708-685-3865,,,Indonesia
357,Arthur,Slator,aslator9w@unicef.org,338-34-1673,852-968-0328,B5,Pays de la Loire,France
358,Si,Rainford,srainford9x@noaa.gov,297-41-9497,245-767-4852,,,Philippines
359,Grete,Deval,gdeval9y@clickbank.net,148-28-8690,195-836-0292,A8,Ile-de-France,France
360,Katrinka,Keam,kkeam9z@earthlink.net,646-70-2111,934-926-3821,,,South Korea
361,Velma,Longea,vlongeaa0@wunderground.com,431-23-9504,682-538-3477,TX,Texas,United States
362,Daria,MacClure,dmacclurea1@wufoo.com,189-88-1992,639-445-5363,,,Indonesia
363,Adelaida,Tutsell,atutsella2@zdnet.com,289-87-5329,519-916-3694,11,Lisboa,Portugal
364,Nolly,Flatt,nflatta3@berkeley.edu,544-61-5014,491-469-7948,15,Setubal,Portugal
365,Dallas,Rudsdale,drudsdalea4@tiny.cc,435-60-3535,826-957-7613,,,China
366,Maryl,Butson,mbutsona5@tiny.cc,176-62-6236,884-707-9193,,,Philippines
367,Putnam,Nowakowski,pnowakowskia6@senate.gov,439-96-9949,204-405-4413,,,Russia
368,Stearne,Allicock,sallicocka7@t.co,420-98-3419,897-223-2433,,,China
369,Valida,Keling,vkelinga8@cafepress.com,406-94-0239,511-787-3387,,,Israel
370,Barbra,McFeat,bmcfeata9@mysql.com,650-85-8630,175-957-9932,,,China
371,Conroy,Kasper,ckasperaa@bloomberg.com,388-09-3996,991-457-9743,SK,Saskatchewan,Canada
372,Skell,Unwins,sunwinsab@baidu.com,674-82-4045,851-498-3805,,,Vietnam
373,Kerianne,Dutt,kduttac@hatena.ne.jp,661-72-1615,971-154-8075,A8,Ile-de-France,France
374,Vivianne,Stronack,vstronackad@altervista.org,403-06-6787,882-911-9909,,,China
375,Minni,Joan,mjoanae@china.com.cn,787-20-9326,530-734-6700,CA,California,United States
376,Heida,Casebourne,hcasebourneaf@pbs.org,461-03-5091,789-477-4280,,,China
377,Charil,Perello,cperelloag@fda.gov,770-29-5665,808-399-9021,,,Indonesia
378,Beltran,Bathow,bbathowah@tinypic.com,126-40-1379,810-294-9085,,,China
379,Myra,Mattusevich,mmattusevichai@sogou.com,496-93-7959,226-366-4640,,,China
380,Sawyer,Goosnell,sgoosnellaj@engadget.com,780-71-4803,666-247-6369,,,China
381,Towny,Neward,tnewardak@whitehouse.gov,131-48-4711,747-406-6509,,,Serbia
382,Abeu,Doughtery,adoughteryal@hibu.com,533-82-4429,181-515-5364,,,China
383,Iorgo,Escot,iescotam@nytimes.com,269-61-9042,866-452-4900,ON,Ontario,Canada
384,Tiphany,Klimowski,tklimowskian@dailymotion.com,278-34-1214,520-422-6628,,,Brazil
385,Bondy,Broomhall,bbroomhallao@themeforest.net,610-23-3041,775-155-1957,,,Indonesia
386,Tammara,Jakubovsky,tjakubovskyap@oracle.com,727-59-1254,209-139-4065,,,Russia
387,Murvyn,Isakovic,misakovicaq@posterous.com,348-99-0819,440-957-1084,,,China
388,Mayne,Biermatowicz,mbiermatowiczar@google.com.br,780-93-2234,993-952-9465,,,China
389,Aldric,Stetson,astetsonas@miitbeian.gov.cn,527-21-8421,101-909-2608,,,Uruguay
390,Page,Gery,pgeryat@uol.com.br,171-55-6643,352-438-9784,,,Nigeria
391,Georgeanna,Atwater,gatwaterau@washington.edu,698-95-1256,822-119-3936,,,Japan
392,Nady,Proswell,nproswellav@ft.com,709-30-6581,312-541-5727,,,Nigeria
393,Lucio,Andrzejak,landrzejakaw@springer.com,121-44-0263,631-144-2822,,,Japan
394,Othilia,Arens,oarensax@cam.ac.uk,102-86-3082,135-758-1535,,,China
395,Augustine,Slessar,aslessaray@tumblr.com,604-65-5009,461-253-2431,,,Poland
396,Sam,Hadkins,shadkinsaz@last.fm,640-97-9294,532-908-6459,,,Philippines
397,Lynnelle,Cornelissen,lcornelissenb0@epa.gov,441-61-1440,315-701-2815,,,Albania
398,Lucias,McLellan,lmclellanb1@miitbeian.gov.cn,861-67-3299,231-623-7667,,,Colombia
399,Aurore,Huyche,ahuycheb2@4shared.com,523-70-1446,421-572-5906,,,Indonesia
400,Otha,Cutbirth,ocutbirthb3@zdnet.com,794-16-4995,695-451-3043,,,Chile
401,Wildon,Teligin,wteliginb4@geocities.jp,263-37-9932,664-302-3359,,,Czech Republic
402,Ellis,Purcell,epurcellb5@wix.com,270-17-1376,467-863-4139,,,Czech Republic
403,Lanie,Luton,llutonb6@mapy.cz,421-05-6819,721-669-5680,,,Philippines
404,Cirillo,Bool,cboolb7@mlb.com,135-42-1526,342-354-9366,,,Philippines
405,Marybelle,Perllman,mperllmanb8@slideshare.net,358-57-3299,616-645-4290,,,Poland
406,Chelsey,Hullins,chullinsb9@seattletimes.com,610-77-7526,420-602-5820,,,Thailand
407,Pail,Scotchmer,pscotchmerba@netlog.com,463-73-5010,387-450-2804,,,Japan
408,Tim,Cathenod,tcathenodbb@aol.com,614-87-9792,111-384-4371,,,China
409,Bernie,Nettle,bnettlebc@dailymail.co.uk,673-39-1061,849-971-9639,,,China
410,Pattie,MacIlhargy,pmacilhargybd@ning.com,793-61-5073,255-844-9070,,,Poland
411,Emile,Dobeson,edobesonbe@yale.edu,283-21-2422,381-162-6639,,,Czech Republic
412,Sheree,Paolini,spaolinibf@alexa.com,421-52-6032,926-435-1441,,,China
413,Melonie,Delos,mdelosbg@latimes.com,246-32-8086,816-514-3857,MO,Missouri,United States
414,Clevey,O'Bradain,cobradainbh@altervista.org,480-33-0137,781-358-2830,,,Saint Kitts and Nevis
415,Meredith,MacKereth,mmackerethbi@wikipedia.org,883-08-7138,175-992-6017,,,Nigeria
416,Mayor,Sutch,msutchbj@rakuten.co.jp,289-48-6658,180-149-8477,,,Philippines
417,Shep,Willishire,swillishirebk@jugem.jp,302-85-8832,335-544-5933,,,Colombia
418,Kitti,Marchent,kmarchentbl@acquirethisname.com,809-79-5975,217-831-6389,,,Russia
419,Cordy,Schrir,cschrirbm@1688.com,852-94-6134,299-797-9928,CHP,Coahuila De Zaragoza,Mexico
420,Shaun,Stubs,sstubsbn@posterous.com,437-45-5778,645-227-2679,B4,Nord-Pas-de-Calais,France
421,Allina,Fardon,afardonbo@techcrunch.com,464-22-5149,384-546-9337,GF,Guyane,French Guiana
422,Abe,Feasby,afeasbybp@miitbeian.gov.cn,113-53-1384,244-605-7744,,,Peru
423,Svend,Cranmore,scranmorebq@usa.gov,241-73-0582,929-589-1339,,,Mongolia
424,Eunice,Ormes,eormesbr@cbslocal.com,704-74-4816,979-897-0940,13,Porto,Portugal
425,Archie,Casaroli,acasarolibs@wisc.edu,737-66-6322,170-235-2703,,,Cuba
426,Sean,Wheldon,swheldonbt@livejournal.com,528-86-1905,682-193-0368,,,Finland
427,Coleman,Gwatkin,cgwatkinbu@shop-pro.jp,135-43-5225,918-996-4081,,,Russia
428,Stanislas,Bennetto,sbennettobv@ibm.com,136-72-8423,213-480-1139,CA,California,United States
429,Ardyce,Trigwell,atrigwellbw@theglobeandmail.com,246-52-6210,230-741-6564,,,Indonesia
430,Fred,Caulket,fcaulketbx@about.me,397-61-6413,209-268-9539,CL,Castilla - Leon,Spain
431,Andreana,Franzolini,afranzoliniby@usatoday.com,473-01-2150,513-918-7540,B8,Provence-Alpes-Cote d'Azur,France
432,Ellette,Fownes,efownesbz@utexas.edu,416-72-2407,663-500-4848,,,Indonesia
433,Darnall,Mulheron,dmulheronc0@tamu.edu,402-24-6858,702-200-0428,NV,Nevada,United States
434,Amye,Rolance,arolancec1@princeton.edu,737-22-4517,528-479-8475,,,Russia
435,Odella,Fawthrop,ofawthropc2@opera.com,353-54-5064,783-825-4294,A3,Centre,France
436,Colman,Jelleman,cjellemanc3@prlog.org,588-19-3384,647-520-0727,01,Ostfold,Norway
437,Erma,Belf,ebelfc4@arizona.edu,671-30-9720,126-806-6012,,,China
438,Elmira,Sher,esherc5@networkadvertising.org,492-43-7281,427-113-7808,NSW,New South Wales,Australia
439,Nance,Smaling,nsmalingc6@flavors.me,262-29-3307,100-933-7646,H,Kalmar,Sweden
440,Ashia,Cotty,acottyc7@nhs.uk,170-68-5750,579-840-9190,B5,Pays de la Loire,France
441,Carmelle,Purves,cpurvesc8@nifty.com,447-81-4768,939-371-0671,,,Greece
442,Filippo,Evitts,fevittsc9@posterous.com,708-09-6126,245-106-8760,,,Belarus
443,Cece,Twinning,ctwinningca@yahoo.co.jp,482-04-5025,806-360-6331,,,Indonesia
444,Norman,Lappine,nlappinecb@cbslocal.com,187-89-3906,430-317-2029,,,Ukraine
445,Sly,Realy,srealycc@msu.edu,102-03-8191,198-714-0992,,,Mongolia
446,Georgina,Eingerfield,geingerfieldcd@ftc.gov,698-86-4093,148-906-2182,N,Halland,Sweden
447,Tye,Edwicker,tedwickerce@a8.net,592-55-7687,831-668-2931,03,Braga,Portugal
448,Hazlett,Simonato,hsimonatocf@google.ru,391-38-6822,407-632-1303,FL,Florida,United States
449,Ulrika,Struijs,ustruijscg@samsung.com,715-95-3834,976-388-6194,13,Porto,Portugal
450,Pamella,Claffey,pclaffeych@ucoz.com,540-27-8534,955-856-2528,,,Afghanistan
451,Florenza,Looks,flooksci@hostgator.com,740-21-8065,699-350-3287,,,Indonesia
452,Issy,Gleder,igledercj@discuz.net,854-80-1936,603-130-7767,,,China
453,Addie,Cudbird,acudbirdck@msu.edu,530-10-4143,450-301-3641,,,Brazil
454,Piotr,McGillacoell,pmcgillacoellcl@dyndns.org,525-72-5403,493-338-3749,,,Serbia
455,Nanette,Begwell,nbegwellcm@canalblog.com,290-85-0708,903-139-5900,,,Guatemala
456,Hunt,Swallow,hswallowcn@nps.gov,675-51-5408,624-790-8229,,,Philippines
457,Sarena,Hoffman,shoffmanco@yandex.ru,127-77-8757,425-728-3856,,,Croatia
458,Cass,Luter,clutercp@ask.com,766-33-8637,180-177-9605,,,Russia
459,Barclay,Booton,bbootoncq@weather.com,773-75-1431,973-391-4116,,,Guatemala
460,Janeen,Prestland,jprestlandcr@yale.edu,820-42-8661,374-627-3392,,,China
461,Dolly,Domaschke,ddomaschkecs@purevolume.com,634-65-3654,862-620-0300,A9,Languedoc-Roussillon,France
462,Hattie,Akeherst,hakeherstct@so-net.ne.jp,243-86-3711,328-361-1677,,,China
463,Stacy,Dalrymple,sdalrymplecu@blogger.com,865-27-1590,814-391-4946,12,Portalegre,Portugal
464,Reidar,Lumb,rlumbcv@storify.com,125-02-3323,607-634-0524,,,Mongolia
465,Mehetabel,Lacase,mlacasecw@mashable.com,596-61-9014,839-313-6070,,,Russia
466,Gwenora,St Pierre,gstpierrecx@usnews.com,436-92-4797,967-240-4899,,,Indonesia
467,Jermaine,Phillott,jphillottcy@amazonaws.com,354-51-2007,296-699-2238,,,China
468,Nadya,Spendlove,nspendlovecz@toplist.cz,424-74-7439,142-415-8221,,,China
469,Cybil,Craigg,ccraiggd0@netvibes.com,533-62-6338,704-773-1778,,,Moldova
470,Afton,Burdett,aburdettd1@usnews.com,794-64-8912,758-361-3871,,,Peru
471,Oralie,Klimp,oklimpd2@dagondesign.com,493-93-0614,936-721-6598,C,Uppsala,Sweden
472,Daryl,Livesay,dlivesayd3@typepad.com,738-08-9268,969-184-3508,,,Russia
473,Krysta,Enrietto,kenriettod4@ucsd.edu,175-18-9625,297-448-5586,,,Indonesia
474,Terrell,Castaner,tcastanerd5@tiny.cc,607-04-3699,108-989-7673,13,Porto,Portugal
475,Jared,Celier,jcelierd6@marriott.com,153-54-4861,241-332-3111,,,Honduras
476,Elwira,Sparks,esparksd7@fotki.com,646-24-7196,213-371-7117,,,Madagascar
477,Rubia,Kitlee,rkitleed8@tmall.com,625-03-5137,701-333-2924,,,Yemen
478,Jemima,Leheude,jleheuded9@examiner.com,391-39-2067,522-492-0080,,,China
479,Cyrill,Rakes,crakesda@geocities.jp,432-32-3816,560-274-0283,,,Uzbekistan
480,Minerva,Rolance,mrolancedb@opensource.org,803-12-3036,535-715-9756,,,Ukraine
481,Garry,Duffett,gduffettdc@google.ca,208-13-4239,762-839-6805,,,China
482,Humfrey,Germann,hgermanndd@tumblr.com,768-31-6059,559-872-8011,,,Thailand
483,Lynette,Tuckey,ltuckeyde@fda.gov,267-37-8958,988-995-1280,,,China
484,Briney,Newhouse,bnewhousedf@artisteer.com,839-28-9244,653-418-0232,,,Indonesia
485,Ryann,Schach,rschachdg@issuu.com,711-30-7054,616-666-8709,,,Macedonia
486,Jefferey,Smallacombe,jsmallacombedh@youku.com,326-13-9085,101-980-0830,,,China
487,Mirna,Duffield,mduffielddi@tumblr.com,747-83-5781,535-161-0064,,,China
488,Aurel,Emett,aemettdj@google.es,892-95-0934,166-541-7003,,,Poland
489,Lev,Robinet,lrobinetdk@cdc.gov,353-76-6655,543-958-7367,,,Russia
490,Wakefield,Burnep,wburnepdl@miitbeian.gov.cn,300-55-0630,304-798-8453,,,North Korea
491,Esmaria,Veld,evelddm@mtv.com,655-05-2079,251-384-1318,,,Philippines
492,Simonette,Kubat,skubatdn@un.org,516-40-9306,716-319-6405,,,China
493,Lura,Tippin,ltippindo@networksolutions.com,828-36-5486,127-733-7977,,,China
494,Druci,Elverstone,delverstonedp@i2i.jp,253-28-7439,633-883-2616,,,Belize
495,Ophelie,Alejandri,oalejandridq@mashable.com,581-19-3188,584-950-3803,,,Nigeria
496,Lance,Godbehere,lgodbeheredr@rambler.ru,174-49-2770,157-705-2034,,,Poland
497,Gilberta,Halsworth,ghalsworthds@vkontakte.ru,302-20-3263,808-330-1154,,,Russia
498,Rory,Biaggelli,rbiaggellidt@engadget.com,106-09-8518,800-970-9613,,,Brazil
499,Hoebart,Figgs,hfiggsdu@java.com,325-48-9908,693-539-9272,,,Ireland
500,Carolyne,Lankester,clankesterdv@aboutads.info,215-61-1408,255-177-2550,,,Russia
501,Annalee,Tanslie,atansliedw@sakura.ne.jp,309-30-5474,482-650-7172,,,Slovenia
502,Lisette,Drennan,ldrennandx@google.com.br,233-21-9053,326-764-7081,A8,Ile-de-France,France
503,Shirlee,Sharpley,ssharpleydy@gizmodo.com,764-72-5294,384-229-9603,,,Poland
504,Averyl,Taillant,ataillantdz@ask.com,680-60-0219,456-399-9298,,,China
505,Gabrielle,Sausman,gsausmane0@list-manage.com,504-38-4469,512-278-4633,,,Argentina
506,Luciana,Cancellieri,lcancellierie1@ameblo.jp,615-11-0199,183-542-0589,BC,British Columbia,Canada
507,Keelia,Hoyle,khoylee2@elpais.com,745-05-6184,341-300-5631,,,Philippines
508,Viviana,Hodinton,vhodintone3@ning.com,287-48-4894,175-542-2306,,,Indonesia
509,Gherardo,Panchin,gpanchine4@sphinn.com,862-23-6221,708-617-4418,,,China
510,Ellen,Stormes,estormese5@4shared.com,185-11-0153,745-228-1850,,,Brazil
511,Ben,Hallgalley,bhallgalleye6@homestead.com,608-35-5196,166-269-2554,,,China
512,Rakel,O'Deoran,rodeorane7@istockphoto.com,626-70-8950,737-734-8890,,,Philippines
513,Emmalee,Goodanew,egoodanewe8@yelp.com,277-35-6254,605-669-7267,,,Poland
514,Teena,Tubritt,ttubritte9@yahoo.com,247-90-3894,983-633-2587,,,China
515,Pace,Cantrill,pcantrillea@facebook.com,250-55-5296,730-835-9765,,,Albania
516,Homere,Putterill,hputterilleb@umich.edu,819-45-0807,313-114-5638,,,Brazil
517,Shaylynn,Redholes,sredholesec@harvard.edu,304-40-8813,504-142-7139,,,Russia
518,Susana,Leyburn,sleyburned@ifeng.com,694-67-0077,158-774-2224,,,Poland
519,Hertha,Descroix,hdescroixee@dmoz.org,777-36-5423,700-406-8056,,,Colombia
520,Rafaello,Ghiraldi,rghiraldief@ocn.ne.jp,245-02-4677,122-850-4105,W,Dalarna,Sweden
521,Luelle,Esland,leslandeg@unblog.fr,828-26-7166,540-935-6547,,,China
522,Rick,Hellin,rhellineh@mysql.com,263-16-4149,153-665-3141,,,Nigeria
523,Junia,Fullman,jfullmanei@berkeley.edu,714-71-7454,208-147-0438,,,China
524,Sapphire,Piken,spikenej@harvard.edu,343-04-6132,839-727-0514,,,Indonesia
525,Fayre,Ingman,fingmanek@weibo.com,531-74-2457,135-281-6479,,,Czech Republic
526,Jacquette,Chenery,jcheneryel@ask.com,795-71-3841,812-163-6167,,,China
527,Sampson,Brussell,sbrussellem@csmonitor.com,702-62-5191,817-456-3038,TX,Texas,United States
528,Lock,Borchardt,lborchardten@w3.org,545-56-5750,162-491-1216,,,Philippines
529,Ab,Brusby,abrusbyeo@mysql.com,381-49-4093,164-347-9852,,,Czech Republic
530,Hamlen,Terron,hterronep@pinterest.com,738-94-2030,917-720-9619,NY,New York,United States
531,Sherline,Tortoishell,stortoishelleq@vinaora.com,769-93-9196,691-113-9217,U,Vastmanland,Sweden
532,Isak,Whitwham,iwhitwhamer@auda.org.au,610-41-8261,155-951-5197,,,Poland
533,Shandra,Kaye,skayees@wordpress.com,376-41-3125,492-110-6536,,,China
534,Theresa,Asquith,tasquithet@europa.eu,372-16-2440,350-585-3152,,,Philippines
535,Gradeigh,Greetham,ggreethameu@123-reg.co.uk,880-76-7087,487-186-4208,,,Mauritius
536,Tracy,Sabati,tsabatiev@mail.ru,534-60-3287,542-766-6583,,,Bolivia
537,Odell,Ottey,ootteyew@wikipedia.org,236-23-9256,967-376-9374,,,South Africa
538,Helaine,Agett,hagettex@tripod.com,207-78-4702,168-183-6245,,,Philippines
539,Gretna,Full,gfulley@biglobe.ne.jp,246-39-0452,675-277-3552,,,Democratic Republic of the Congo
540,Sascha,Heare,sheareez@ezinearticles.com,631-15-7700,454-142-5293,,,Afghanistan
541,Ware,Shimon,wshimonf0@cpanel.net,688-69-5657,527-423-8382,,,China
542,Aurel,Cyples,acyplesf1@cbc.ca,476-89-2260,127-608-9321,01,Ostfold,Norway
543,Lebbie,Haddrell,lhaddrellf2@oracle.com,485-87-8123,706-691-7348,,,China
544,Launce,Foukx,lfoukxf3@nbcnews.com,245-36-3692,698-966-8006,MLK,Melaka,Malaysia
545,Gaylord,Sloane,gsloanef4@state.gov,367-19-9865,102-631-9262,,,China
546,Ingaberg,Pinyon,ipinyonf5@unicef.org,204-95-0694,330-575-1187,,,China
547,Carroll,Klamman,cklammanf6@ebay.com,481-85-7865,344-294-9634,,,China
548,Juliann,Quartermaine,jquartermainef7@diigo.com,307-83-4070,282-335-9171,,,Poland
549,Pincus,Growcott,pgrowcottf8@printfriendly.com,190-30-9518,628-466-0416,,,Palestinian Territory
550,Yves,Gocke,ygockef9@sogou.com,840-93-3101,847-737-3824,,,Lithuania
551,Lancelot,Rays,lraysfa@skyrock.com,690-48-5425,839-586-4668,,,Brazil
552,Merilee,McCafferty,mmccaffertyfb@illinois.edu,870-09-2713,516-335-1716,,,Philippines
553,Maddy,Adamovitz,madamovitzfc@google.com,541-36-7071,404-658-4509,A8,Ile-de-France,France
554,Rolf,Robichon,rrobichonfd@w3.org,698-86-2673,650-382-4885,,,Burkina Faso
555,Garrick,Took,gtookfe@behance.net,293-12-2344,514-651-4197,13,Porto,Portugal
556,Winn,Gowthorpe,wgowthorpeff@narod.ru,293-04-2134,451-368-6201,,,Japan
557,Leonie,Ilyuchyov,lilyuchyovfg@live.com,835-30-2687,212-961-8152,NY,New York,United States
558,Mora,Garahan,mgarahanfh@imageshack.us,823-57-8639,217-877-4474,,,China
559,Lew,Cordey,lcordeyfi@cbsnews.com,185-18-9470,598-986-1993,,,Indonesia
560,Marge,Sisson,msissonfj@spiegel.de,515-14-9412,601-664-0367,,,Ukraine
561,Yovonnda,Tours,ytoursfk@bbc.co.uk,535-18-9726,292-901-6890,,,Russia
562,Kippie,Grisdale,kgrisdalefl@tamu.edu,153-34-0775,773-394-8285,,,Russia
563,Friedrick,Scholz,fscholzfm@friendfeed.com,802-46-1695,755-205-9263,,,China
564,Tessa,Austwick,taustwickfn@utexas.edu,717-97-1602,180-596-4558,,,Philippines
565,Florie,Emm,femmfo@elegantthemes.com,353-12-9964,734-503-7854,,,Thailand
566,Gladi,Daen,gdaenfp@360.cn,360-46-1343,546-436-7178,,,Thailand
567,Savina,Bariball,sbariballfq@omniture.com,799-42-2958,731-476-8557,,,Philippines
568,Oralla,Corsar,ocorsarfr@1688.com,384-94-4764,535-934-9095,,,Indonesia
569,Ranee,Truswell,rtruswellfs@whitehouse.gov,608-46-9037,763-292-3415,,,Ukraine
570,Isaiah,Holleran,iholleranft@barnesandnoble.com,699-82-4586,822-538-7581,,,Panama
571,Olive,Klein,okleinfu@latimes.com,807-29-8596,738-312-0204,AB,Stockholm,Sweden
572,Angelle,McLachlan,amclachlanfv@telegraph.co.uk,858-87-1486,990-884-8806,,,China
573,Terrye,Rosencrantz,trosencrantzfw@yellowpages.com,502-55-1524,699-732-4654,,,China
574,Rex,Andrys,randrysfx@google.de,220-52-1431,362-481-6313,,,Indonesia
575,Pasquale,Edmeads,pedmeadsfy@omniture.com,347-87-4441,238-198-2848,,,China
576,Gordie,Pendell,gpendellfz@guardian.co.uk,489-61-9262,960-488-1340,16,Viana do Castelo,Portugal
577,Annadiane,Toffanelli,atoffanellig0@jigsy.com,282-20-5246,595-369-3724,,,Indonesia
578,Jocelyn,Niccols,jniccolsg1@pinterest.com,158-71-1530,876-686-4478,,,Brazil
579,Dev,Saw,dsawg2@wisc.edu,390-04-0943,105-409-0268,,,Venezuela
580,Cecily,Barkhouse,cbarkhouseg3@theglobeandmail.com,305-94-0707,689-592-7606,,,Philippines
581,Saidee,Stirling,sstirlingg4@nasa.gov,283-60-7912,534-766-2236,,,Russia
582,Leann,Junkinson,ljunkinsong5@oracle.com,787-46-2062,927-388-4586,,,Colombia
583,Ulric,Youngman,uyoungmang6@moonfruit.com,854-13-0944,629-474-1817,,,Colombia
584,Tom,Uren,tureng7@desdev.cn,137-03-4734,288-957-4339,,,Czech Republic
585,Nellie,McMahon,nmcmahong8@flickr.com,553-23-0122,267-465-0118,,,Peru
586,Brody,Battrum,bbattrumg9@geocities.jp,830-19-7077,945-481-7483,,,China
587,Gilbert,Teodoro,gteodoroga@com.com,228-05-1815,218-565-4600,,,China
588,Gianina,Digger,gdiggergb@com.com,875-62-0680,637-859-1407,,,Indonesia
589,Shena,Evers,seversgc@lycos.com,737-52-6166,802-733-6970,,,China
590,Dix,Asquez,dasquezgd@cbslocal.com,814-33-6685,628-798-3116,,,Ukraine
591,Krissie,Scholte,kscholtege@comsenz.com,617-74-7476,271-233-3034,03,Braga,Portugal
592,Chevalier,Fallens,cfallensgf@washington.edu,598-99-7819,231-571-6772,,,Armenia
593,Nat,Pittford,npittfordgg@google.cn,155-62-4626,895-860-7932,,,China
594,Randell,Meadley,rmeadleygh@shinystat.com,640-50-2440,814-773-1120,PA,Pennsylvania,United States
595,Ali,Kubczak,akubczakgi@bloglovin.com,661-51-2112,109-914-1604,,,Afghanistan
596,Farand,Longthorn,flongthorngj@feedburner.com,844-50-6730,712-442-1166,17,Vila Real,Portugal
597,Karyl,Christophersen,kchristophersengk@blogtalkradio.com,192-54-8841,959-439-2683,C1,Alsace,France
598,Ida,Grenkov,igrenkovgl@scientificamerican.com,136-84-9540,361-744-0581,,,Argentina
599,Brenda,Regler,breglergm@digg.com,233-58-9027,120-866-6055,ENG,England,United Kingdom
600,Misha,Jamme,mjammegn@netlog.com,267-45-3343,854-642-0665,,,Slovenia
601,Mel,Dabel,mdabelgo@nature.com,880-21-2450,115-457-1889,,,China
602,Appolonia,Lyston,alystongp@pbs.org,745-75-4887,932-745-3761,,,Mozambique
603,Stillman,Nordass,snordassgq@4shared.com,563-19-6542,837-889-1072,,,China
604,Clary,Trevena,ctrevenagr@nhs.uk,651-37-2457,346-217-6871,,,Japan
605,Yardley,Olechnowicz,yolechnowiczgs@dion.ne.jp,446-74-9152,797-657-2029,,,Mayotte
606,Tracie,Chree,tchreegt@harvard.edu,848-74-0688,195-269-1802,,,Jamaica
607,Ken,Detloff,kdetloffgu@yelp.com,678-08-9801,250-562-2738,02,Beja,Portugal
608,Gardie,Ingrem,gingremgv@rediff.com,339-99-7435,703-219-7292,,,China
609,Gerianna,Royson,groysongw@vinaora.com,488-28-1721,274-878-7199,,,China
610,Yalonda,Kitchin,ykitchingx@omniture.com,193-39-2907,157-336-7537,,,Lebanon
611,Michelina,Troni,mtronigy@europa.eu,466-62-1036,270-967-2769,,,Brazil
612,Ethel,Gummery,egummerygz@latimes.com,124-98-6184,322-383-5822,,,Belarus
613,Rosemaria,Antonignetti,rantonignettih0@google.it,451-59-9701,649-568-9401,,,Japan
614,Caroline,Levensky,clevenskyh1@theglobeandmail.com,664-48-7628,782-568-1770,,,Croatia
615,Delinda,Hallex,dhallexh2@cnet.com,221-27-4027,678-521-8158,,,Japan
616,Giorgia,Corbie,gcorbieh3@ox.ac.uk,675-09-4967,714-831-7904,,,Greece
617,Dom,Junkinson,djunkinsonh4@nhs.uk,822-75-7517,369-171-8775,,,Rwanda
618,Dianna,Yele,dyeleh5@tamu.edu,265-66-4269,955-199-4682,,,Brazil
619,Shelby,Wanek,swanekh6@webnode.com,872-60-1842,363-104-1160,11,Lisboa,Portugal
620,Barbi,Bly,bblyh7@w3.org,869-31-5569,984-913-6487,,,Indonesia
621,Katha,Benner,kbennerh8@nytimes.com,776-67-7278,145-893-6390,,,China
622,Arley,Leven,alevenh9@woothemes.com,534-16-9670,696-264-8053,07,Vestfold,Norway
623,Nikolai,Taks,ntaksha@opera.com,216-20-5567,353-578-5410,,,Brazil
624,Kev,Grass,kgrasshb@google.com.hk,788-30-5390,197-678-0149,,,Japan
625,Vere,Oldfield,voldfieldhc@examiner.com,589-01-2275,829-576-9579,,,Oman
626,Meredeth,Macguire,mmacguirehd@addthis.com,227-23-4531,563-429-8847,,,Uzbekistan
627,Farrel,Sarfass,fsarfasshe@e-recht24.de,271-05-1893,876-451-6560,,,Ukraine
628,Karine,Onn,konnhf@cnet.com,452-15-8770,439-386-2409,,,Iran
629,Alana,Rolls,arollshg@taobao.com,526-87-0964,192-339-7827,,,Thailand
630,Sean,Beardshaw,sbeardshawhh@tinyurl.com,615-83-8895,813-419-5747,,,Japan
631,Lon,Enticknap,lenticknaphi@storify.com,395-67-1636,149-483-8328,,,China
632,Kalinda,Dunkerley,kdunkerleyhj@webnode.com,716-45-3436,973-717-2731,,,Vietnam
633,Jewel,Gorst,jgorsthk@people.com.cn,217-27-8703,697-181-6436,,,Georgia
634,Mala,Revitt,mrevitthl@economist.com,587-77-5882,158-600-0386,,,Brunei
635,Maritsa,Brightie,mbrightiehm@netlog.com,510-62-1223,546-259-2761,,,Russia
636,Lorrie,Davana,ldavanahn@hostgator.com,544-34-8741,748-239-5980,,,Philippines
637,Bessy,Emerson,bemersonho@hhs.gov,150-34-0902,405-376-3350,,,China
638,Rosana,Bellinger,rbellingerhp@cloudflare.com,706-46-2450,914-356-1638,,,Philippines
639,Beck,Lemin,bleminhq@sogou.com,199-42-9782,454-334-3746,,,Peru
640,Cleavland,Tunstall,ctunstallhr@apple.com,602-58-5538,452-280-9749,,,Venezuela
641,Gerhardt,Morden,gmordenhs@cyberchimps.com,677-01-0401,274-487-4823,,,China
642,Tomaso,Trank,ttrankht@artisteer.com,562-35-9564,862-774-0887,,,China
643,Malina,Bagnall,mbagnallhu@hibu.com,438-71-7904,947-906-6292,,,Chile
644,Alena,Annatt,aannatthv@cornell.edu,880-62-4161,162-236-0859,,,Chad
645,Edita,Bolles,ebolleshw@businessinsider.com,699-78-5940,913-751-6668,,,China
646,Beverlie,Hawse,bhawsehx@tmall.com,884-02-9435,945-130-7554,,,China
647,Pebrook,Sollam,psollamhy@europa.eu,895-22-6746,781-665-1596,BC,British Columbia,Canada
648,Pearce,Sanbrook,psanbrookhz@marketwatch.com,572-72-0230,810-704-5796,,,Mozambique
649,Deanne,Bonder,dbonderi0@prnewswire.com,405-49-7243,788-305-4803,,,Marshall Islands
650,Eldin,Dabbes,edabbesi1@unesco.org,313-52-9786,443-707-3862,,,Belarus
651,Ewan,Goldney,egoldneyi2@yahoo.com,310-19-0830,251-222-6066,,,Thailand
652,Antin,Forlong,aforlongi3@vkontakte.ru,218-10-4775,740-500-3368,,,Cameroon
653,Emeline,Okill,eokilli4@rakuten.co.jp,824-31-3602,674-521-9912,,,Japan
654,Abey,Lethieulier,alethieulieri5@liveinternet.ru,697-84-0581,943-648-8131,,,Slovenia
655,Dulciana,Sothern,dsotherni6@scribd.com,599-88-9131,767-395-2370,,,Russia
656,Mommy,Tyzack,mtyzacki7@lulu.com,547-94-0712,108-183-2881,,,China
657,Donnie,Thursby,dthursbyi8@illinois.edu,796-19-2775,604-989-2747,,,Syria
658,Elvin,Sallan,esallani9@deviantart.com,848-18-9340,577-609-2395,,,Russia
659,Chic,Jurges,cjurgesia@gov.uk,510-79-9970,477-579-9489,,,Vietnam
660,Justus,Dennerley,jdennerleyib@csmonitor.com,828-40-1658,307-409-0726,,,Indonesia
661,Cecelia,Antoniewicz,cantoniewiczic@timesonline.co.uk,366-88-8129,969-704-5050,,,China
662,Yasmeen,Canape,ycanapeid@nasa.gov,566-82-9703,982-882-6055,,,Bangladesh
663,Niel,Durie,ndurieie@1688.com,328-57-1312,603-830-8680,,,China
664,Shaw,Sowter,ssowterif@whitehouse.gov,440-82-3896,896-425-0691,HE,Hessen,Germany
665,Mirelle,Sarfati,msarfatiig@wikispaces.com,168-50-5900,108-658-7307,,,Albania
666,Hedwiga,Viney,hvineyih@zdnet.com,696-47-9407,210-677-6215,,,Vietnam
667,Stanislaw,Denyer,sdenyerii@yandex.ru,176-30-8009,775-537-0034,,,Indonesia
668,Welbie,Edmondson,wedmondsonij@wordpress.com,328-94-4123,641-508-0283,,,Russia
669,Phylys,Eyckelberg,peyckelbergik@cmu.edu,609-14-5669,709-576-7119,,,China
670,Devan,Seear,dseearil@google.pl,801-09-7420,919-221-2533,,,Philippines
671,Emogene,Kyme,ekymeim@pinterest.com,435-14-8503,146-553-6922,,,Peru
672,Brittaney,Ewins,bewinsin@spotify.com,499-34-6022,370-739-5632,Y,Vasternorrland,Sweden
673,Barbi,Cunliffe,bcunliffeio@engadget.com,888-44-6272,117-792-8750,,,Poland
674,Daryl,Benyon,dbenyonip@bravesites.com,485-04-6173,842-316-2680,,,China
675,Zacherie,Aspin,zaspiniq@ibm.com,586-72-5140,936-445-2618,,,Indonesia
676,Elwira,Bernon,ebernonir@jimdo.com,245-88-1960,215-165-4382,,,Thailand
677,Hamish,Rochester,hrochesteris@shinystat.com,463-46-9864,173-569-4325,,,Bosnia and Herzegovina
678,Jamaal,Zanelli,jzanelliit@bbb.org,461-84-7979,983-105-3793,,,Indonesia
679,Neron,Baldi,nbaldiiu@narod.ru,427-50-7313,858-237-2655,,,Argentina
680,Christabella,Josefson,cjosefsoniv@quantcast.com,111-86-6196,121-140-6038,,,Nicaragua
681,Mick,Twinborne,mtwinborneiw@home.pl,705-75-3340,580-154-0918,,,Palestinian Territory
682,Eleen,Winser,ewinserix@sciencedaily.com,470-04-4880,598-355-7973,,,Indonesia
683,Phelia,Hurdedge,phurdedgeiy@tripadvisor.com,830-63-8620,945-433-1825,,,Yemen
684,Joel,Philipp,jphilippiz@dailymotion.com,198-20-2815,673-773-8187,,,China
685,Ruprecht,Molohan,rmolohanj0@squidoo.com,567-96-3386,151-471-6862,06,Coimbra,Portugal
686,Eward,Ianniello,eiannielloj1@xrea.com,775-10-0754,203-511-4756,,,Poland
687,Cindie,Lossman,clossmanj2@artisteer.com,244-12-8220,213-413-1061,,,Indonesia
688,Willard,Shurlock,wshurlockj3@webmd.com,626-02-4590,994-929-2852,,,Bangladesh
689,Cristiano,Such,csuchj4@usa.gov,247-02-3887,304-735-0139,,,China
690,Meredith,Laraway,mlarawayj5@ustream.tv,820-19-6362,650-833-0146,,,Poland
691,Honoria,Moodie,hmoodiej6@independent.co.uk,310-09-9818,377-384-0845,,,China
692,Gabbi,Vern,gvernj7@about.me,200-69-5388,657-609-4548,,,Indonesia
693,Jonah,Lamberton,jlambertonj8@nsw.gov.au,619-15-5365,325-400-5515,,,China
694,Arthur,Coldbath,acoldbathj9@sitemeter.com,866-35-4705,743-855-8354,,,Croatia
695,Lenna,Scarlin,lscarlinja@telegraph.co.uk,690-96-5495,848-944-0549,,,Indonesia
696,Gustie,Carnock,gcarnockjb@dell.com,556-73-3161,107-208-1966,,,China
697,Reine,O'Lahy,rolahyjc@51.la,773-72-9436,151-696-0555,15,Tizi-Ouzou,Algeria
698,Allianora,Hughson,ahughsonjd@macromedia.com,376-03-7149,693-104-3158,A8,Ile-de-France,France
699,Faun,Crippill,fcrippillje@icq.com,154-96-2247,445-176-8345,15,Setubal,Portugal
700,Emory,Caney,ecaneyjf@unblog.fr,424-07-0224,740-985-6057,AB,Stockholm,Sweden
701,Ada,Hubert,ahubertjg@icq.com,130-90-7855,326-935-9796,,,Brazil
702,Ad,Priddis,apriddisjh@boston.com,344-30-0703,358-570-3554,,,Ukraine
703,Thekla,Alejandri,talejandriji@ebay.com,801-19-2582,638-984-6039,,,Sierra Leone
704,Raleigh,Tomenson,rtomensonjj@unicef.org,480-08-5898,644-281-4394,,,Russia
705,Isidora,Fillis,ifillisjk@berkeley.edu,166-78-3109,762-899-0860,,,Guatemala
706,Jon,Losselyong,jlosselyongjl@bigcartel.com,562-08-9880,344-662-0686,,,Russia
707,Karena,Paszek,kpaszekjm@arstechnica.com,239-99-5931,633-657-2542,,,Vietnam
708,Caressa,Spelwood,cspelwoodjn@cbc.ca,713-46-2478,925-163-5676,,,Ireland
709,Anna,Hunting,ahuntingjo@nymag.com,669-31-0142,630-729-3286,IL,Illinois,United States
710,Aubrey,Kiddey,akiddeyjp@va.gov,505-94-0845,847-921-8517,BZ,Borsod-Abauj-Zemplen,Hungary
711,Sarette,Bawles,sbawlesjq@smh.com.au,163-67-7151,110-483-1285,M,Skane,Sweden
712,Selena,Deverille,sdeverillejr@hubpages.com,711-30-2965,274-795-5528,,,Indonesia
713,Bobbi,Le Sieur,blesieurjs@nationalgeographic.com,317-72-2347,378-240-2756,,,Indonesia
714,Claudell,Rope,cropejt@bravesites.com,203-04-4761,119-232-7827,,,Greece
715,Alwin,Matura,amaturaju@ifeng.com,201-54-2175,813-978-9687,,,China
716,Zedekiah,Neave,zneavejv@omniture.com,439-72-0205,768-617-0795,,,China
717,Jess,Gress,jgressjw@ted.com,495-08-0467,901-932-3437,,,Kenya
718,Solomon,Steers,ssteersjx@japanpost.jp,497-25-3859,973-136-6743,,,Philippines
719,Julee,Genn,jgennjy@webmd.com,810-61-5139,166-224-2311,,,Bulgaria
720,Todd,Splain,tsplainjz@usa.gov,589-58-7220,248-577-9036,O,Vastra Gotaland,Sweden
721,Antin,Insull,ainsullk0@nhs.uk,355-36-3390,225-181-5525,,,Nicaragua
722,Reynolds,Wykey,rwykeyk1@trellian.com,369-52-6472,105-876-5982,,,New Zealand
723,Rakel,Bernard,rbernardk2@desdev.cn,497-12-1926,226-227-0756,,,Indonesia
724,Jori,Piggrem,jpiggremk3@google.es,812-65-7309,729-618-4426,,,Serbia
725,Romeo,MacGhee,rmacgheek4@google.co.jp,680-49-6796,202-507-4023,,,Indonesia
726,Gabbey,Camings,gcamingsk5@studiopress.com,475-12-2952,216-496-2814,,,China
727,Waite,Tritten,wtrittenk6@dyndns.org,177-15-5908,159-825-1428,,,Czech Republic
728,Bobine,Haye,bhayek7@yahoo.com,242-44-5961,856-379-9103,T,Orebro,Sweden
729,Hali,Eccott,heccottk8@forbes.com,358-76-3962,236-136-0797,,,Libya
730,Tresa,Pitts,tpittsk9@cpanel.net,402-73-0015,653-887-5864,,,Mongolia
731,Jennine,Gorrie,jgorrieka@google.pl,362-47-6630,826-588-6775,,,China
732,Bran,Behninck,bbehninckkb@mysql.com,420-99-1754,536-272-6060,,,Russia
733,Lovell,Falconbridge,lfalconbridgekc@artisteer.com,250-32-9976,870-713-9279,,,Ukraine
734,Cosette,Struther,cstrutherkd@vimeo.com,774-03-0628,932-227-7566,,,Colombia
735,Theobald,Davidavidovics,tdavidavidovicske@pinterest.com,401-58-9534,349-688-4851,,,Ukraine
736,Cathrine,Podmore,cpodmorekf@hibu.com,671-73-1890,865-706-8487,B3,Midi-Pyrenees,France
737,Jenda,Margery,jmargerykg@de.vu,678-95-1685,484-179-8746,,,China
738,Kristel,Hyde,khydekh@sina.com.cn,389-68-3542,500-682-0628,,,China
739,Eldredge,Bleas,ebleaski@canalblog.com,318-72-3819,217-644-1919,,,Tunisia
740,Keely,Skitteral,kskitteralkj@army.mil,448-97-7289,668-605-0016,,,Nigeria
741,Pearl,Arrighini,parrighinikk@webs.com,268-80-7183,626-171-0577,,,Russia
742,Taddeusz,Reddings,treddingskl@gnu.org,457-65-0417,584-281-6042,,,Argentina
743,Berty,Penner,bpennerkm@constantcontact.com,864-84-2185,487-754-2343,,,Argentina
744,Julina,Kittman,jkittmankn@ezinearticles.com,495-32-6511,280-336-2968,,,Philippines
745,Alejoa,Chillingworth,achillingworthko@yale.edu,553-22-2055,285-122-8388,,,China
746,Hermie,Kempshall,hkempshallkp@reference.com,473-93-8296,884-610-2255,B3,Midi-Pyrenees,France
747,Violante,Lally,vlallykq@hp.com,210-57-3358,695-333-0889,,,Russia
748,Merrill,Theodoris,mtheodoriskr@behance.net,469-93-4434,304-848-0406,,,South Korea
749,Tiffie,Bartrum,tbartrumks@cpanel.net,571-94-9889,510-469-2516,,,China
750,Daron,Lokier,dlokierkt@chronoengine.com,635-83-4786,607-473-9528,03,Braga,Portugal
751,Cortney,Kennard,ckennardku@google.de,204-87-5985,816-560-9432,,,Thailand
752,Tabbatha,Gayden,tgaydenkv@comcast.net,479-23-8566,728-189-8446,,,Poland
753,Randie,Brydson,rbrydsonkw@google.it,373-62-3090,627-421-2569,,,Mongolia
754,Windham,Dicke,wdickekx@infoseek.co.jp,835-78-6497,177-954-3513,,,Philippines
755,Cobb,Vanyashin,cvanyashinky@earthlink.net,532-81-4833,549-159-7560,BU,Budapest,Hungary
756,Eduino,Shimwall,eshimwallkz@flickr.com,748-78-8786,410-277-8297,MD,Maryland,United States
757,Freddi,Petruska,fpetruskal0@t.co,539-05-1275,132-743-9039,,,Brazil
758,Cesya,Jaume,cjaumel1@umich.edu,462-78-7574,527-992-2038,AB,Stockholm,Sweden
759,Sherry,Comi,scomil2@mac.com,439-28-9314,158-848-5721,,,Thailand
760,Arlyne,Creboe,acreboel3@trellian.com,337-48-4811,861-383-1806,,,Thailand
761,Muhammad,Pennicott,mpennicottl4@wired.com,545-25-3083,266-969-2312,,,Thailand
762,Clair,Sheivels,csheivelsl5@bizjournals.com,401-57-0682,186-797-8271,A8,Ile-de-France,France
763,Clevey,Taplow,ctaplowl6@yelp.com,193-06-3295,934-291-7700,,,China
764,Field,Forsyth,fforsythl7@intel.com,522-78-5181,553-242-7003,,,Indonesia
765,Alina,Sterman,astermanl8@nbcnews.com,204-44-3013,704-154-2317,,,China
766,Angelique,Reuss,areussl9@qq.com,156-96-6159,747-635-5084,13,Porto,Portugal
767,Mile,Skaife d'Ingerthorpe,mskaifedingerthorpela@creativecommons.org,783-35-8416,854-649-4719,,,Czech Republic
768,Rhys,Giottoi,rgiottoilb@google.de,563-99-9926,458-562-0573,,,Dominican Republic
769,Bianka,Yakuntzov,byakuntzovlc@google.ca,467-14-8813,728-276-2409,,,Philippines
770,Leroi,Scoular,lscoularld@dot.gov,469-93-8444,701-337-4733,,,China
771,Candide,Torrans,ctorransle@icq.com,801-74-7811,390-399-5572,,,Poland
772,Brock,Nowakowska,bnowakowskalf@hibu.com,220-18-7118,816-767-6766,,,China
773,Dinah,Duligall,dduligalllg@blogtalkradio.com,592-15-0602,372-798-0405,,,Indonesia
774,Mia,Doldon,mdoldonlh@posterous.com,664-04-7499,426-481-1905,,,Brazil
775,Darleen,Sarson,dsarsonli@wunderground.com,497-97-9773,482-749-2616,,,Afghanistan
776,Idalia,Loads,iloadslj@squidoo.com,428-48-5299,720-104-9903,,,Japan
777,Grayce,Jindrak,gjindraklk@dell.com,310-55-7969,152-355-4108,,,China
778,Mikey,McArthur,mmcarthurll@disqus.com,607-99-1700,873-540-8742,,,Ivory Coast
779,Brinna,Rannigan,branniganlm@usa.gov,116-51-5362,830-773-5382,,,Thailand
780,Harald,McCaster,hmccasterln@narod.ru,779-24-8081,963-510-7366,,,Philippines
781,Lindsay,Frankes,lfrankeslo@over-blog.com,253-30-9899,862-322-4530,16,Viana do Castelo,Portugal
782,Brantley,Titterrell,btitterrelllp@shutterfly.com,852-52-3732,372-308-6657,,,Mauritius
783,Antonetta,Klimczak,aklimczaklq@networksolutions.com,185-74-5740,773-919-8491,03,Oslo,Norway
784,Salvador,Matejic,smatejiclr@gizmodo.com,160-66-9591,345-405-7282,,,South Africa
785,Marina,Clinnick,mclinnickls@google.cn,311-88-9006,572-703-4972,,,Honduras
786,Margit,Gladbeck,mgladbecklt@technorati.com,717-59-6340,851-225-8309,A2,Bretagne,France
787,Hadrian,Goldine,hgoldinelu@virginia.edu,184-88-5746,974-937-0709,,,Tanzania
788,Muffin,Tribe,mtribelv@arizona.edu,278-77-2128,569-787-4207,,,Chad
789,Derward,Abbey,dabbeylw@hatena.ne.jp,739-95-5392,681-282-9966,,,China
790,Horten,Corkett,hcorkettlx@phoca.cz,109-96-4432,629-445-1987,,,Tanzania
791,Bertina,Hadfield,bhadfieldly@networksolutions.com,295-94-7405,194-982-7368,,,Indonesia
792,Nell,Hambrick,nhambricklz@hugedomains.com,394-21-5058,163-395-3747,,,Venezuela
793,Ferdie,Sterling,fsterlingm0@jimdo.com,238-98-2999,911-429-3146,,,Thailand
794,Roze,Peasnone,rpeasnonem1@flickr.com,108-64-4811,225-154-0232,,,Croatia
795,Jolie,Seller,jsellerm2@blogs.com,462-49-6056,789-268-4492,03,Braga,Portugal
796,Cathyleen,Fillan,cfillanm3@npr.org,870-43-5372,113-536-0109,,,Somalia
797,Bobby,Milella,bmilellam4@slate.com,445-45-0654,591-113-1600,,,Burkina Faso
798,Kingsley,Donnersberg,kdonnersbergm5@mit.edu,386-26-6853,763-342-0326,,,Brazil
799,Thatch,Lifton,tliftonm6@jimdo.com,780-67-9724,819-725-7898,,,Colombia
800,Walker,Feehily,wfeehilym7@i2i.jp,275-07-4670,904-941-4406,FL,Florida,United States
801,Thurstan,Ayscough,tayscoughm8@army.mil,260-16-8203,446-305-3749,A8,Ile-de-France,France
802,Danit,Kettleson,dkettlesonm9@hud.gov,685-47-1432,253-514-8075,,,Ukraine
803,Dolley,Sidebotham,dsidebothamma@statcounter.com,196-06-1071,141-305-3373,,,Brazil
804,Hadrian,Tukely,htukelymb@meetup.com,417-21-0639,944-268-8517,,,Indonesia
805,Randall,Cooch,rcoochmc@sfgate.com,297-80-6344,682-778-6138,,,China
806,Ronalda,Pipet,rpipetmd@msn.com,764-53-2778,887-801-8949,,,Greece
807,Juliette,Walbridge,jwalbridgeme@qq.com,873-94-1678,869-790-0892,,,Philippines
808,Karen,Craiker,kcraikermf@answers.com,599-30-0750,404-990-8787,,,Latvia
809,Rhianna,Delgadillo,rdelgadillomg@yolasite.com,697-08-7699,182-553-9874,,,China
810,Chauncey,Lenney,clenneymh@mediafire.com,152-36-4588,457-361-1763,11,Lisboa,Portugal
811,Joyann,McMurray,jmcmurraymi@elegantthemes.com,135-49-3887,109-939-0673,O,Vastra Gotaland,Sweden
812,Roberta,Gagin,rgaginmj@bigcartel.com,237-90-0088,601-224-6132,F,Jonkoping,Sweden
813,Ansley,Tideswell,atideswellmk@china.com.cn,229-55-5119,441-671-6513,,,Indonesia
814,Viva,McBean,vmcbeanml@epa.gov,372-05-6202,538-580-3044,,,China
815,Christye,Renner,crennermm@walmart.com,536-60-4358,862-150-4903,,,Russia
816,Winfield,Stanyland,wstanylandmn@meetup.com,427-98-1544,219-796-6750,,,Indonesia
817,Langsdon,Saunder,lsaundermo@squidoo.com,331-74-7571,878-586-9367,,,Colombia
818,Eustace,Bowery,ebowerymp@mlb.com,232-76-0462,614-437-6327,OH,Ohio,United States
819,Marline,Tocqueville,mtocquevillemq@bigcartel.com,366-85-4562,924-924-7040,,,Benin
820,Dasya,Hillyatt,dhillyattmr@psu.edu,216-63-0380,381-497-5536,06,Coimbra,Portugal
821,Larisa,Stigell,lstigellms@amazon.co.uk,541-70-1532,904-442-0297,,,Indonesia
822,Mortie,Meletti,mmelettimt@fda.gov,897-87-3821,909-633-0594,BC,British Columbia,Canada
823,Bessy,Carrel,bcarrelmu@cam.ac.uk,577-53-0043,348-511-2337,,,Indonesia
824,Chad,Straun,cstraunmv@furl.net,480-94-1715,179-456-5739,O,Vastra Gotaland,Sweden
825,Pavia,Barribal,pbarribalmw@blogtalkradio.com,787-25-4431,358-994-7492,,,Papua New Guinea
826,Darcie,Wahlberg,dwahlbergmx@unicef.org,830-35-7514,524-244-9758,,,Tunisia
827,Olivia,Larrad,olarradmy@miibeian.gov.cn,543-83-3254,546-731-3892,DUR,Durango,Mexico
828,Angelo,Errichelli,aerrichellimz@dailymotion.com,263-68-5226,660-904-9133,,,China
829,Nolie,Guilloud,nguilloudn0@walmart.com,758-91-5422,905-629-8300,,,Latvia
830,Erskine,Gusticke,egusticken1@bluehost.com,188-28-2882,576-992-8490,,,Indonesia
831,Tremaine,Palfreman,tpalfremann2@china.com.cn,439-30-3612,863-977-8395,FL,Florida,United States
832,Emmott,De Bruyne,edebruynen3@yahoo.com,108-16-3426,168-606-9447,,,Indonesia
833,Wilbert,Grummitt,wgrummittn4@biglobe.ne.jp,156-72-0350,273-751-5917,,,China
834,Gabbey,Twyning,gtwyningn5@narod.ru,505-80-3678,167-738-7567,06,Coimbra,Portugal
835,Aloin,Trenam,atrenamn6@wsj.com,614-55-9923,190-213-4895,,,Indonesia
836,Jamil,Blackmoor,jblackmoorn7@comcast.net,163-52-5115,280-448-4727,,,Philippines
837,Web,Beamand,wbeamandn8@google.com.br,383-02-7864,308-186-2805,E,Ostergotland,Sweden
838,Gherardo,Bordone,gbordonen9@zimbio.com,559-94-3712,528-991-9033,,,China
839,Erda,Lavalde,elavaldena@plala.or.jp,438-08-3675,232-778-0419,,,China
840,Kain,Albasini,kalbasininb@skype.com,140-78-0330,178-964-2720,AB,Stockholm,Sweden
841,Tiebold,Britee,tbriteenc@cdc.gov,750-58-3500,774-367-7584,07,Evora,Portugal
842,Perri,Dunton,pduntonnd@yelp.com,470-76-2842,319-865-3664,,,China
843,Doralynne,Suddock,dsuddockne@51.la,461-24-7534,579-257-7615,,,Colombia
844,Quinlan,Ludford,qludfordnf@blogspot.com,104-26-4624,350-622-2794,,,Indonesia
845,Cullin,Cubbinelli,ccubbinelling@example.com,838-18-0815,124-387-7161,,,Indonesia
846,Aurora,Babalola,ababalolanh@patch.com,557-03-1257,154-414-8597,,,China
847,Brennan,Tebb,btebbni@economist.com,768-94-2593,240-382-3704,,,Brazil
848,Sax,Hinsch,shinschnj@mapy.cz,676-56-9842,643-200-2842,,,Russia
849,Ellie,Pumphreys,epumphreysnk@joomla.org,248-14-9721,876-552-8451,,,Indonesia
850,Letta,Garvin,lgarvinnl@devhub.com,603-31-9038,439-387-5012,,,Indonesia
851,Pierce,Patry,ppatrynm@bluehost.com,366-31-4595,447-589-1110,,,Argentina
852,Sly,Stegers,sstegersnn@mapy.cz,235-89-2325,375-642-6576,,,China
853,Jenelle,von Grollmann,jvongrollmannno@ow.ly,321-03-5092,701-531-4966,,,Brazil
854,Betta,Moralas,bmoralasnp@time.com,650-33-1736,238-141-3986,,,Nicaragua
855,Alejandra,Beazleigh,abeazleighnq@gov.uk,286-28-7640,756-440-3434,,,Zambia
856,Collette,De Pietri,cdepietrinr@princeton.edu,871-12-6987,240-353-6908,,,Brazil
857,Eustacia,Iredale,eiredalens@telegraph.co.uk,850-99-7149,450-575-1318,16,Viana do Castelo,Portugal
858,Gustie,Gormally,ggormallynt@ted.com,235-10-4528,766-509-4199,,,Serbia
859,Niko,Trundler,ntrundlernu@ebay.co.uk,538-75-1354,846-759-5716,,,China
860,Daune,Ashcroft,dashcroftnv@photobucket.com,669-14-5562,549-112-1335,,,China
861,Cordula,Huggin,chugginnw@mail.ru,669-79-0116,508-319-3653,,,Japan
862,Pete,Spilisy,pspilisynx@list-manage.com,570-10-1605,456-495-1878,,,Kyrgyzstan
863,Neala,Calley,ncalleyny@slashdot.org,537-17-9598,545-165-5144,,,Indonesia
864,Bili,Rame,bramenz@exblog.jp,339-58-9656,205-902-0256,,,Greece
865,Sherill,Spaldin,sspaldino0@mit.edu,354-99-1054,687-616-4906,15,Setubal,Portugal
866,Mimi,Tremathick,mtremathicko1@twitpic.com,617-87-1380,570-279-2032,,,Kyrgyzstan
867,Amalea,Samwayes,asamwayeso2@webeden.co.uk,365-18-9689,227-464-0372,,,Philippines
868,Kelsey,Lamps,klampso3@pagesperso-orange.fr,121-09-0007,198-944-1701,,,Sri Lanka
869,Jonell,Flieg,jfliego4@4shared.com,324-46-6161,326-714-6594,,,Democratic Republic of the Congo
870,Ralph,Code,rcodeo5@bloglovin.com,534-46-6944,347-888-6217,,,Lesotho
871,Bron,Phythean,bphytheano6@biglobe.ne.jp,712-44-1716,370-177-9720,,,Indonesia
872,Moore,Peizer,mpeizero7@dailymotion.com,253-87-0807,161-494-4340,,,Syria
873,Alaster,Clowney,aclowneyo8@nytimes.com,130-13-0931,186-362-1178,,,Iran
874,Thorvald,Jacmar,tjacmaro9@ovh.net,397-63-3970,746-824-9063,,,Indonesia
875,Levey,Penhallurick,lpenhallurickoa@digg.com,558-33-9932,763-892-1379,,,Indonesia
876,Ulrick,Steventon,usteventonob@auda.org.au,672-18-2346,736-964-4481,,,Philippines
877,Hardy,Devennie,hdevennieoc@state.gov,422-20-6975,304-987-0287,,,China
878,Selia,Croisdall,scroisdallod@pbs.org,720-91-3992,506-318-1724,A4,Champagne-Ardenne,France
879,Margit,Anthoine,manthoineoe@storify.com,870-93-6555,665-582-7387,,,Honduras
880,Cari,Ickovici,cickoviciof@timesonline.co.uk,462-79-7509,669-652-5244,,,Mali
881,Anthea,Bennet,abennetog@hexun.com,754-04-7698,912-957-8745,,,Colombia
882,Vanni,Tuckerman,vtuckermanoh@tripod.com,407-99-0276,405-542-4470,OK,Oklahoma,United States
883,Udall,Splevins,usplevinsoi@wordpress.org,777-80-2211,169-269-6519,,,Indonesia
884,Isa,McAlister,imcalisteroj@mayoclinic.com,739-80-3743,742-904-6998,,,Philippines
885,Jeanette,Gehring,jgehringok@over-blog.com,371-19-9876,576-592-3576,,,Sri Lanka
886,Jermaine,Chaston,jchastonol@amazon.co.uk,223-49-6164,768-476-3925,ON,Ontario,Canada
887,Roman,Jeckell,rjeckellom@scribd.com,586-44-2166,727-247-8385,,,China
888,Bev,Hydes,bhydeson@4shared.com,462-19-4855,916-726-9630,B9,Rhone-Alpes,France
889,Nels,Snelson,nsnelsonoo@ask.com,447-98-4493,903-576-1362,,,China
890,Orrin,Merrigan,omerriganop@parallels.com,450-53-7791,777-600-5176,ON,Ontario,Canada
891,Holly,Briscow,hbriscowoq@fastcompany.com,690-47-5465,254-656-3512,,,Namibia
892,Aubrey,Balfre,abalfreor@webmd.com,173-43-4640,660-257-7579,,,Poland
893,Dmitri,Szimon,dszimonos@ustream.tv,402-05-0197,885-800-3865,,,Indonesia
894,Frederic,Riddich,friddichot@fastcompany.com,845-75-5318,714-286-2476,,,Tanzania
895,Holli,McCrostie,hmccrostieou@wikia.com,480-11-1965,281-404-8482,,,Czech Republic
896,Stephine,Gittens,sgittensov@fda.gov,330-21-4642,445-485-8762,,,Kazakhstan
897,Amelia,Galley,agalleyow@cocolog-nifty.com,278-02-2968,906-937-6374,,,Indonesia
898,Alissa,Scothern,ascothernox@gizmodo.com,784-03-5377,184-196-1363,,,Thailand
899,Delmore,Adamsson,dadamssonoy@wunderground.com,391-20-0141,292-605-9001,,,Brazil
900,Burr,Stares,bstaresoz@surveymonkey.com,588-38-0056,404-996-8512,,,Poland
901,Tasha,Robinette,trobinettep0@mashable.com,736-65-7740,744-371-0098,,,Russia
902,Edie,Rutherforth,erutherforthp1@dagondesign.com,694-55-7431,994-162-9706,,,Russia
903,Pall,Ledson,pledsonp2@jugem.jp,797-03-1526,638-697-8906,,,Argentina
904,Hermina,Gerriessen,hgerriessenp3@networkadvertising.org,395-40-8417,524-354-8498,,,Japan
905,Webster,Humbell,whumbellp4@wikia.com,363-54-4665,773-148-6815,,,Russia
906,Chrystal,Chipps,cchippsp5@hhs.gov,319-66-0312,748-531-2973,,,Panama
907,Julianne,Keetch,jkeetchp6@booking.com,594-89-3592,647-132-2015,,,Croatia
908,Mandy,Jacomb,mjacombp7@last.fm,841-06-5981,572-461-9687,,,Venezuela
909,Godwin,Dovey,gdoveyp8@icq.com,799-93-1543,995-318-7325,,,Philippines
910,Ranna,Smewin,rsmewinp9@lulu.com,292-53-6381,619-267-0096,,,Poland
911,Julina,Semple,jsemplepa@geocities.com,396-41-0482,254-301-9726,,,Japan
912,Em,Fitzsimon,efitzsimonpb@mit.edu,254-09-8725,519-127-1007,,,Japan
913,Van,Paddington,vpaddingtonpc@4shared.com,222-68-0440,504-261-3013,,,Saint Vincent and the Grenadines
914,Giorgia,Allsopp,gallsopppd@time.com,570-43-1626,252-816-5360,,,China
915,Mariel,Mendel,mmendelpe@cocolog-nifty.com,116-65-3937,317-360-2917,,,China
916,Jacquelyn,Gallico,jgallicopf@netlog.com,878-17-7147,518-830-6479,,,Philippines
917,Rebekkah,Drache,rdrachepg@buzzfeed.com,854-35-2463,322-917-9887,,,Ireland
918,Dwain,Barkworth,dbarkworthph@storify.com,687-47-3430,477-569-0706,,,Haiti
919,Tish,Luckings,tluckingspi@mozilla.org,502-47-4416,562-453-0267,,,Pakistan
920,Billy,August,baugustpj@youtu.be,670-11-8472,469-821-9779,,,Indonesia
921,Whitby,Frosdick,wfrosdickpk@linkedin.com,705-23-7849,511-532-7265,,,Russia
922,Lily,Clark,lclarkpl@jigsy.com,821-77-5272,550-426-3387,,,China
923,Durand,Flamank,dflamankpm@vkontakte.ru,770-78-5957,983-544-5370,,,Indonesia
924,Mellicent,Jeenes,mjeenespn@desdev.cn,466-39-8211,429-412-2638,,,Nepal
925,Brandyn,Eliot,beliotpo@theglobeandmail.com,789-80-1767,556-815-3651,A8,Ile-de-France,France
926,Kameko,Mazin,kmazinpp@ifeng.com,360-39-2957,179-628-3008,A8,Ile-de-France,France
927,Kittie,Lackner,klacknerpq@bizjournals.com,684-37-7137,694-296-3378,,,China
928,Leila,Oxtiby,loxtibypr@ftc.gov,308-68-7285,572-361-4476,,,Belarus
929,Bucky,Toler,btolerps@diigo.com,281-95-3806,687-504-2551,,,Czech Republic
930,Leupold,Pinchin,lpinchinpt@statcounter.com,423-56-3277,258-117-6596,,,China
931,Rolf,Rainville,rrainvillepu@guardian.co.uk,728-43-3220,154-737-7224,15,Setubal,Portugal
932,Bethanne,Lotterington,blotteringtonpv@jiathis.com,193-22-9876,431-353-1194,,,China
933,Leyla,Barribal,lbarribalpw@cnbc.com,127-20-9687,394-589-7806,,,Palestinian Territory
934,Bjorn,Cossor,bcossorpx@wikispaces.com,229-60-2463,856-791-9398,,,Russia
935,Kelvin,Cloughton,kcloughtonpy@ucoz.ru,566-92-2360,148-398-0049,,,Uzbekistan
936,Kanya,Duesbury,kduesburypz@netscape.com,524-13-9671,349-694-6127,14,Santarem,Portugal
937,Phebe,Busby,pbusbyq0@prweb.com,838-63-5492,613-855-2558,,,China
938,Kyle,Caldicot,kcaldicotq1@jimdo.com,312-93-4931,746-903-9962,,,Brazil
939,Tommy,O'Regan,toreganq2@a8.net,106-77-6272,578-477-4088,,,China
940,Nickie,Leckie,nleckieq3@prweb.com,855-14-3595,183-539-2854,AB,Stockholm,Sweden
941,Harmony,Insole,hinsoleq4@mozilla.com,377-19-4259,314-543-9022,,,China
942,Emilee,Bircher,ebircherq5@angelfire.com,761-48-1054,372-443-2989,,,China
943,Neil,Balassa,nbalassaq6@people.com.cn,258-48-7566,398-795-5824,,,Brazil
944,Randell,Macon,rmaconq7@bloglines.com,598-91-3659,822-864-2102,,,China
945,Nate,Trebble,ntrebbleq8@de.vu,610-53-1278,219-712-6480,,,Mozambique
946,Manolo,Tracy,mtracyq9@sakura.ne.jp,690-19-2863,574-329-3545,,,Thailand
947,Ivar,Cargill,icargillqa@cornell.edu,546-31-4625,821-634-2688,,,China
948,Zollie,Capenor,zcapenorqb@shop-pro.jp,470-37-3573,603-107-5700,,,Indonesia
949,Hilary,Jeannet,hjeannetqc@google.cn,721-61-1624,961-156-0650,,,Ukraine
950,Vilma,Boodell,vboodellqd@noaa.gov,725-89-9517,932-340-0283,,,Indonesia
951,Robinet,Sherebrooke,rsherebrookeqe@ask.com,170-63-6746,246-756-4155,,,China
952,Aloysia,Linggood,alinggoodqf@nbcnews.com,629-82-9366,140-520-5602,,,Philippines
953,Kleon,Mosten,kmostenqg@hud.gov,631-73-4811,208-133-5934,,,China
954,Joya,Murrill,jmurrillqh@altervista.org,486-98-8574,354-471-0327,,,Vietnam
955,Hoyt,Pudsall,hpudsallqi@fc2.com,251-94-9952,554-865-4811,,,Peru
956,Noel,Gellan,ngellanqj@illinois.edu,724-49-9690,629-308-6460,X,Gavleborg,Sweden
957,Brittan,Mannion,bmannionqk@imageshack.us,290-74-9888,325-263-2944,,,China
958,Fania,Rasmus,frasmusql@ucsd.edu,716-89-7973,208-216-9539,NSW,New South Wales,Australia
959,Cinda,Hegden,chegdenqm@sina.com.cn,708-94-9180,107-143-7173,,,Japan
960,Jakob,Tourner,jtournerqn@nytimes.com,375-20-6658,298-656-6560,,,Philippines
961,Aundrea,Killiner,akillinerqo@smh.com.au,667-84-3541,436-538-1641,,,Indonesia
962,Olimpia,Thacke,othackeqp@va.gov,403-68-7160,765-719-8867,,,Afghanistan
963,Hilliary,Blemings,hblemingsqq@msn.com,628-86-0651,651-942-7252,,,Poland
964,Colene,Bisterfeld,cbisterfeldqr@smh.com.au,241-45-6560,556-969-0163,,,Mongolia
965,Kerwinn,Darmody,kdarmodyqs@dion.ne.jp,807-61-2921,882-621-0991,,,China
966,Emlyn,Blakeley,eblakeleyqt@narod.ru,523-12-1457,608-303-7157,,,Guyana
967,Latashia,McGenn,lmcgennqu@ehow.com,371-79-3677,454-688-1040,,,China
968,Allyce,Vankeev,avankeevqv@vistaprint.com,424-74-5122,102-225-6103,11,Lisboa,Portugal
969,Pearl,Adamowicz,padamowiczqw@blogtalkradio.com,423-34-6958,690-355-9949,,,China
970,Karita,Reddle,kreddleqx@usnews.com,757-12-4180,519-723-1051,14,Santarem,Portugal
971,Augustine,Gethen,agethenqy@weather.com,323-62-1595,784-904-7330,,,Libya
972,Claudine,Weekly,cweeklyqz@theguardian.com,696-15-7454,611-917-2909,,,Greece
973,Fredericka,Gilyatt,fgilyattr0@twitter.com,265-13-3820,736-663-3468,,,Niger
974,Dru,Faas,dfaasr1@soundcloud.com,397-01-6535,463-198-4750,B8,Provence-Alpes-Cote d'Azur,France
975,Liv,Piel,lpielr2@answers.com,457-92-7381,420-658-8802,,,Philippines
976,Lenette,Edrich,ledrichr3@istockphoto.com,312-31-4577,983-233-1990,,,Czech Republic
977,Berkie,Langhor,blanghorr4@berkeley.edu,681-20-3679,449-625-7494,,,Morocco
978,Hodge,Labrum,hlabrumr5@youtube.com,780-32-5647,753-573-8151,,,Tunisia
979,Maridel,Lemon,mlemonr6@squidoo.com,738-64-0808,234-108-5349,,,Indonesia
980,Meryl,Faers,mfaersr7@aboutads.info,875-42-4671,813-286-4693,,,Indonesia
981,Ara,Baty,abatyr8@g.co,513-66-9797,657-492-4639,,,Chad
982,Jeralee,Yerrington,jyerringtonr9@instagram.com,892-36-7321,536-595-0536,PUE,Puebla,Mexico
983,Roscoe,Sidnell,rsidnellra@gizmodo.com,485-63-8100,555-558-1428,,,Indonesia
984,Boot,Boshers,bboshersrb@wiley.com,499-69-1657,757-745-6037,VA,Virginia,United States
985,Jeanine,Haugg,jhauggrc@wordpress.org,550-36-1487,650-302-7996,,,China
986,Gusella,Haglington,ghaglingtonrd@google.ru,363-01-2888,365-464-8211,,,Indonesia
987,Phillida,Chattaway,pchattawayre@51.la,162-17-2828,200-396-6859,,,Russia
988,Bari,Oldall,boldallrf@odnoklassniki.ru,755-38-4802,886-500-9037,JAL,Jalisco,Mexico
989,Cristin,Rodd,croddrg@usgs.gov,125-45-4628,285-326-8276,,,Brazil
990,Nadya,Ramplee,nrampleerh@kickstarter.com,766-68-2165,446-526-1262,,,Brazil
991,Kyla,Simcock,ksimcockri@reddit.com,375-12-3061,587-955-5906,KUL,Kuala Lumpur,Malaysia
992,Waverly,Statersfield,wstatersfieldrj@pbs.org,484-95-4212,194-223-0286,,,New Zealand
993,Courtenay,Assandri,cassandrirk@craigslist.org,316-29-1910,385-931-1341,,,Russia
994,Magdalena,Vannoni,mvannonirl@sourceforge.net,197-30-9722,758-595-5386,WAL,Wallonie,Belgium
995,Nickey,Huglin,nhuglinrm@ibm.com,677-09-9151,354-608-2375,,,China
996,Bambi,Teager,bteagerrn@edublogs.org,548-96-7537,790-818-1040,,,Brazil
997,Conny,Bengal,cbengalro@nydailynews.com,200-82-6405,759-420-9246,,,Indonesia
998,Ivy,Geeraert,igeeraertrp@prnewswire.com,174-07-3616,231-429-8149,,,Indonesia
999,Job,Kepe,jkeperq@indiatimes.com,439-10-3717,810-879-7752,,,China
1000,Dimitry,Patzelt,dpatzeltrr@theguardian.com,366-36-3079,398-223-4189,,,China
